Tool_ID,Last_Calibration_Date,Usage_Count_Since_Cal
T-048,2025-12-13 06:20:34,5310
T-044,2025-11-25 15:50:45,9944
T-099,2026-02-16 07:24:30,2610
T-034,2026-01-08 12:11:07,12067
T-025,2025-12-14 02:34:51,1104
T-069,2025-12-21 09:17:25,10728
T-098,2025-12-02 10:26:58,13182
T-061,2026-02-21 17:01:50,13399
T-050,2025-10-01 12:37:55,7361
T-089,2026-01-02 12:35:52,4199
T-032,2025-11-08 05:36:04,3854
T-006,2025-12-02 10:59:24,7263
T-063,2025-11-07 11:47:34,11686
T-016,2025-10-13 17:26:17,1914
T-057,2026-01-15 20:38:09,7365
T-046,2025-12-15 00:58:05,3072
T-009,2025-11-23 12:10:37,9198
T-052,2025-12-20 13:19:32,406
T-013,2025-12-23 16:53:44,13689
T-072,2026-02-17 20:45:35,166
T-030,2025-10-19 13:16:10,508
T-033,2026-01-03 19:32:02,1661
T-086,2026-01-04 18:22:05,14648
T-100,2025-10-18 17:17:44,3664
T-054,2025-11-21 01:31:27,3489
T-031,2026-01-08 17:16:37,13050
T-002,2025-10-25 00:43:18,680
T-037,2025-12-26 10:01:51,2524
T-043,2025-10-18 00:01:59,2120
T-038,2025-11-07 23:39:01,5260
T-024,2026-02-05 18:22:12,12869
T-036,2025-11-09 11:23:00,4357
T-003,2025-11-27 20:38:31,1363
T-085,2025-11-12 15:38:24,9523
T-064,2025-12-28 15:43:11,2292
T-077,2025-10-17 10:40:58,1538
T-049,2025-10-21 05:49:42,3408
T-027,2025-12-15 23:13:34,7742
T-028,2026-01-22 19:34:33,8752
T-039,2025-11-26 16:13:19,9291
T-060,2026-01-06 23:51:25,1903
T-070,2025-12-26 13:43:36,174
T-008,2026-02-27 06:45:30,10348
T-029,2025-12-09 12:45:09,2230
T-015,2026-01-25 02:04:00,4287
T-079,2025-11-21 10:56:58,4160
T-042,2025-11-29 07:02:44,12112
T-023,2025-12-14 11:07:16,7106
T-004,2025-11-17 09:31:17,9689
T-014,2026-01-15 04:00:00,12046
