Tool_ID,Calibration_Date,Next_Calibration_Date,Calibration_Status
TL-001,2026-05-21,2026-08-19,Valid
TL-002,2026-04-22,2026-07-21,Overdue
TL-003,2026-02-25,2026-05-26,Overdue
TL-004,2026-01-19,2026-04-19,Overdue
TL-005,2026-02-02,2026-05-03,Overdue
TL-006,2026-01-25,2026-04-25,Overdue
TL-007,2026-06-11,2026-09-09,Valid
TL-008,2026-06-05,2026-09-03,Valid
TL-009,2026-05-31,2026-08-29,Valid
TL-010,2026-02-07,2026-05-08,Overdue
TL-011,2026-01-03,2026-04-03,Overdue
TL-012,2026-05-30,2026-08-28,Valid
TL-013,2026-04-05,2026-07-04,Overdue
TL-014,2026-02-27,2026-05-28,Overdue
TL-015,2026-05-26,2026-08-24,Valid
TL-016,2026-04-27,2026-07-26,Overdue
TL-017,2026-01-08,2026-04-08,Overdue
TL-018,2026-06-15,2026-09-13,Valid
TL-019,2026-05-30,2026-08-28,Valid
TL-020,2026-06-24,2026-09-22,Valid
TL-021,2026-01-09,2026-04-09,Overdue
TL-022,2026-03-22,2026-06-20,Overdue
TL-023,2026-04-29,2026-07-28,Overdue
TL-024,2026-02-23,2026-05-24,Overdue
TL-025,2026-02-19,2026-05-20,Overdue
TL-026,2026-05-25,2026-08-23,Valid
TL-027,2026-03-13,2026-06-11,Overdue
TL-028,2026-01-25,2026-04-25,Overdue
TL-029,2026-04-30,2026-07-29,Overdue
TL-030,2026-02-18,2026-05-19,Overdue
TL-031,2026-01-31,2026-05-01,Overdue
TL-032,2026-03-27,2026-06-25,Overdue
TL-033,2026-02-25,2026-05-26,Overdue
TL-034,2026-06-25,2026-09-23,Valid
TL-035,2026-04-06,2026-07-05,Overdue
TL-036,2026-02-08,2026-05-09,Overdue
TL-037,2026-02-12,2026-05-13,Overdue
TL-038,2026-04-18,2026-07-17,Overdue
TL-039,2026-02-15,2026-05-16,Overdue
TL-040,2026-04-02,2026-07-01,Overdue
TL-041,2026-02-27,2026-05-28,Overdue
TL-042,2026-03-03,2026-06-01,Overdue
TL-043,2026-04-28,2026-07-27,Overdue
TL-044,2026-01-16,2026-04-16,Overdue
TL-045,2026-03-10,2026-06-08,Overdue
TL-046,2026-01-19,2026-04-19,Overdue
TL-047,2026-04-17,2026-07-16,Overdue
TL-048,2026-04-17,2026-07-16,Overdue
TL-049,2026-01-18,2026-04-18,Overdue
TL-050,2026-04-30,2026-07-29,Overdue
TL-051,2026-04-06,2026-07-05,Overdue
TL-052,2026-04-12,2026-07-11,Overdue
TL-053,2026-02-27,2026-05-28,Overdue
TL-054,2026-01-18,2026-04-18,Overdue
TL-055,2026-01-22,2026-04-22,Overdue
TL-056,2026-04-06,2026-07-05,Overdue
TL-057,2026-05-01,2026-07-30,Overdue
TL-058,2026-04-28,2026-07-27,Overdue
TL-059,2026-04-15,2026-07-14,Overdue
TL-060,2026-02-09,2026-05-10,Overdue
TL-061,2026-06-29,2026-09-27,Valid
TL-062,2026-04-28,2026-07-27,Overdue
TL-063,2026-03-03,2026-06-01,Overdue
TL-064,2026-02-03,2026-05-04,Overdue
TL-065,2026-01-31,2026-05-01,Overdue
TL-066,2026-01-13,2026-04-13,Overdue
TL-067,2026-02-10,2026-05-11,Overdue
TL-068,2026-04-15,2026-07-14,Overdue
TL-069,2026-01-29,2026-04-29,Overdue
TL-070,2026-04-23,2026-07-22,Overdue
TL-071,2026-04-11,2026-07-10,Overdue
TL-072,2026-05-05,2026-08-03,Valid
TL-073,2026-03-17,2026-06-15,Overdue
TL-074,2026-01-04,2026-04-04,Overdue
TL-075,2026-04-22,2026-07-21,Overdue
TL-076,2026-02-22,2026-05-23,Overdue
TL-077,2026-04-12,2026-07-11,Overdue
TL-078,2026-03-26,2026-06-24,Overdue
TL-079,2026-04-14,2026-07-13,Overdue
TL-080,2026-03-23,2026-06-21,Overdue
TL-081,2026-06-21,2026-09-19,Valid
TL-082,2026-03-18,2026-06-16,Overdue
TL-083,2026-01-22,2026-04-22,Overdue
TL-084,2026-02-03,2026-05-04,Overdue
TL-085,2026-01-29,2026-04-29,Overdue
TL-086,2026-03-20,2026-06-18,Overdue
TL-087,2026-02-09,2026-05-10,Overdue
TL-088,2026-04-25,2026-07-24,Overdue
TL-089,2026-06-20,2026-09-18,Valid
TL-090,2026-05-12,2026-08-10,Valid
TL-091,2026-03-20,2026-06-18,Overdue
TL-092,2026-06-25,2026-09-23,Valid
TL-093,2026-03-03,2026-06-01,Overdue
TL-094,2026-05-10,2026-08-08,Valid
TL-095,2026-06-25,2026-09-23,Valid
TL-096,2026-04-26,2026-07-25,Overdue
TL-097,2026-04-22,2026-07-21,Overdue
TL-098,2026-06-01,2026-08-30,Valid
TL-099,2026-05-20,2026-08-18,Valid
TL-100,2026-04-25,2026-07-24,Overdue
