WO_ID,Planned_Units,Target_Date
WO-0001,9,2026-03-18
WO-0002,6,2026-03-20
WO-0003,8,2026-03-06
WO-0004,4,2026-03-04
WO-0005,4,2026-03-14
WO-0006,7,2026-03-15
WO-0007,9,2026-03-29
WO-0008,4,2026-03-15
WO-0009,6,2026-03-24
WO-0010,9,2026-03-11
WO-0011,6,2026-03-28
WO-0012,4,2026-03-06
WO-0013,4,2026-03-13
WO-0014,7,2026-03-27
WO-0015,4,2026-03-27
WO-0016,9,2026-03-21
WO-0017,9,2026-03-16
WO-0018,9,2026-03-04
WO-0019,7,2026-03-08
WO-0020,7,2026-03-22
WO-0021,4,2026-03-26
WO-0022,5,2026-03-17
WO-0023,5,2026-03-03
WO-0024,7,2026-03-29
WO-0025,4,2026-03-30
WO-0026,5,2026-03-16
WO-0027,4,2026-03-15
WO-0028,4,2026-03-11
WO-0029,4,2026-03-25
WO-0030,8,2026-03-18
WO-0031,9,2026-03-22
WO-0032,4,2026-03-04
WO-0033,8,2026-03-25
WO-0034,7,2026-03-26
WO-0035,5,2026-03-09
WO-0036,9,2026-03-19
WO-0037,5,2026-03-08
WO-0038,9,2026-03-03
WO-0039,5,2026-03-29
WO-0040,9,2026-03-06
WO-0041,5,2026-03-06
WO-0042,5,2026-03-08
WO-0043,5,2026-03-27
WO-0044,5,2026-03-13
WO-0045,7,2026-03-03
WO-0046,4,2026-03-27
WO-0047,6,2026-03-21
WO-0048,8,2026-03-25
WO-0049,6,2026-03-18
WO-0050,6,2026-03-13
WO-0051,9,2026-03-24
WO-0052,4,2026-03-26
WO-0053,9,2026-03-10
WO-0054,4,2026-03-07
WO-0055,4,2026-03-28
WO-0056,5,2026-03-22
WO-0057,7,2026-03-09
WO-0058,5,2026-03-28
WO-0059,7,2026-03-16
WO-0060,9,2026-03-27
WO-0061,7,2026-03-02
WO-0062,9,2026-03-20
WO-0063,6,2026-03-30
WO-0064,6,2026-03-19
WO-0065,7,2026-03-11
WO-0066,7,2026-03-17
WO-0067,9,2026-03-01
WO-0068,5,2026-03-10
WO-0069,9,2026-03-25
WO-0070,5,2026-03-30
WO-0071,6,2026-03-20
WO-0072,4,2026-03-20
WO-0073,7,2026-03-19
WO-0074,5,2026-03-28
WO-0075,9,2026-03-30
WO-0076,6,2026-03-26
WO-0077,5,2026-03-21
WO-0078,9,2026-03-08
WO-0079,7,2026-03-17
WO-0080,7,2026-03-12
WO-0081,8,2026-03-01
WO-0082,4,2026-03-01
WO-0083,8,2026-03-26
WO-0084,6,2026-03-12
WO-0085,5,2026-03-24
WO-0086,6,2026-03-06
WO-0087,9,2026-03-09
WO-0088,7,2026-03-26
WO-0089,8,2026-03-04
WO-0090,8,2026-03-18
WO-0091,8,2026-03-28
WO-0092,6,2026-03-07
WO-0093,7,2026-03-14
WO-0094,5,2026-03-28
WO-0095,9,2026-03-21
WO-0096,5,2026-03-30
WO-0097,6,2026-03-08
WO-0098,9,2026-03-28
WO-0099,8,2026-03-10
WO-0100,4,2026-03-24
WO-0101,6,2026-03-29
WO-0102,6,2026-03-11
WO-0103,7,2026-03-10
WO-0104,5,2026-03-19
WO-0105,6,2026-03-25
WO-0106,6,2026-03-21
WO-0107,8,2026-03-23
WO-0108,8,2026-03-17
WO-0109,9,2026-03-02
WO-0110,4,2026-03-24
WO-0111,7,2026-03-26
WO-0112,4,2026-03-03
WO-0113,9,2026-03-30
WO-0114,8,2026-03-15
WO-0115,5,2026-03-15
WO-0116,8,2026-03-25
WO-0117,7,2026-03-20
WO-0118,8,2026-03-20
WO-0119,7,2026-03-18
WO-0120,7,2026-03-17
WO-0121,7,2026-03-03
WO-0122,9,2026-03-22
WO-0123,7,2026-03-28
WO-0124,7,2026-03-19
WO-0125,5,2026-03-04
WO-0126,4,2026-03-06
WO-0127,6,2026-03-17
WO-0128,4,2026-03-07
WO-0129,7,2026-03-28
WO-0130,5,2026-03-20
WO-0131,8,2026-03-28
WO-0132,5,2026-03-14
WO-0133,7,2026-03-02
WO-0134,5,2026-03-02
WO-0135,5,2026-03-08
WO-0136,7,2026-03-10
WO-0137,9,2026-03-03
WO-0138,5,2026-03-26
WO-0139,6,2026-03-08
WO-0140,6,2026-03-28
WO-0141,5,2026-03-15
WO-0142,9,2026-03-01
WO-0143,8,2026-03-29
WO-0144,7,2026-03-30
WO-0145,6,2026-03-28
WO-0146,8,2026-03-15
WO-0147,5,2026-03-12
WO-0148,8,2026-03-16
WO-0149,4,2026-03-17
WO-0150,6,2026-03-20
WO-0151,5,2026-03-07
WO-0152,7,2026-03-19
WO-0153,9,2026-03-14
WO-0154,5,2026-03-04
WO-0155,7,2026-03-19
WO-0156,9,2026-03-11
WO-0157,9,2026-03-29
WO-0158,5,2026-03-13
WO-0159,8,2026-03-26
WO-0160,8,2026-03-28
WO-0161,9,2026-03-26
WO-0162,8,2026-03-13
WO-0163,4,2026-03-26
WO-0164,9,2026-03-10
WO-0165,9,2026-03-03
WO-0166,7,2026-03-08
WO-0167,8,2026-03-10
WO-0168,9,2026-03-10
WO-0169,4,2026-03-04
WO-0170,7,2026-03-07
WO-0171,5,2026-03-11
WO-0172,9,2026-03-19
WO-0173,4,2026-03-14
WO-0174,6,2026-03-23
WO-0175,4,2026-03-25
WO-0176,4,2026-03-23
WO-0177,7,2026-03-26
WO-0178,5,2026-03-18
WO-0179,6,2026-03-04
WO-0180,8,2026-03-27
WO-0181,8,2026-03-19
WO-0182,4,2026-03-20
WO-0183,7,2026-03-04
WO-0184,7,2026-03-03
WO-0185,8,2026-03-11
WO-0186,6,2026-03-06
WO-0187,5,2026-03-25
WO-0188,6,2026-03-01
WO-0189,9,2026-03-27
WO-0190,9,2026-03-27
WO-0191,5,2026-03-27
WO-0192,8,2026-03-11
WO-0193,5,2026-03-15
WO-0194,7,2026-03-10
WO-0195,9,2026-03-15
WO-0196,4,2026-03-02
WO-0197,4,2026-03-12
WO-0198,8,2026-03-23
WO-0199,7,2026-03-04
WO-0200,6,2026-03-04
WO-0201,7,2026-03-05
WO-0202,4,2026-03-23
WO-0203,4,2026-03-27
WO-0204,9,2026-03-03
WO-0205,7,2026-03-24
WO-0206,7,2026-03-17
WO-0207,4,2026-03-30
WO-0208,6,2026-03-11
WO-0209,8,2026-03-15
WO-0210,8,2026-03-01
WO-0211,7,2026-03-18
WO-0212,8,2026-03-10
WO-0213,4,2026-03-27
WO-0214,4,2026-03-07
WO-0215,7,2026-03-11
WO-0216,7,2026-03-05
WO-0217,9,2026-03-23
WO-0218,7,2026-03-09
WO-0219,6,2026-03-21
WO-0220,8,2026-03-22
WO-0221,7,2026-03-11
WO-0222,5,2026-03-04
WO-0223,9,2026-03-04
WO-0224,5,2026-03-23
WO-0225,4,2026-03-22
WO-0226,8,2026-03-29
WO-0227,7,2026-03-23
WO-0228,5,2026-03-24
WO-0229,8,2026-03-17
WO-0230,4,2026-03-17
WO-0231,6,2026-03-17
WO-0232,9,2026-03-07
WO-0233,8,2026-03-01
WO-0234,8,2026-03-19
WO-0235,6,2026-03-29
WO-0236,8,2026-03-01
WO-0237,4,2026-03-05
WO-0238,4,2026-03-15
WO-0239,6,2026-03-07
WO-0240,9,2026-03-17
WO-0241,7,2026-03-10
WO-0242,5,2026-03-13
WO-0243,7,2026-03-03
WO-0244,8,2026-03-04
WO-0245,5,2026-03-16
WO-0246,6,2026-03-07
WO-0247,6,2026-03-03
WO-0248,9,2026-03-30
WO-0249,5,2026-03-12
WO-0250,4,2026-03-20
WO-0251,5,2026-03-15
WO-0252,8,2026-03-24
WO-0253,4,2026-03-18
WO-0254,6,2026-03-15
WO-0255,5,2026-03-14
WO-0256,7,2026-03-30
WO-0257,9,2026-03-19
WO-0258,7,2026-03-21
WO-0259,9,2026-03-04
WO-0260,8,2026-03-07
WO-0261,7,2026-03-13
WO-0262,5,2026-03-03
WO-0263,5,2026-03-10
WO-0264,7,2026-03-05
WO-0265,5,2026-03-14
WO-0266,8,2026-03-03
WO-0267,4,2026-03-17
WO-0268,8,2026-03-10
WO-0269,9,2026-03-19
WO-0270,8,2026-03-05
WO-0271,9,2026-03-15
WO-0272,5,2026-03-21
WO-0273,4,2026-03-08
WO-0274,5,2026-03-25
WO-0275,6,2026-03-06
WO-0276,5,2026-03-27
WO-0277,9,2026-03-30
WO-0278,5,2026-03-30
WO-0279,5,2026-03-04
WO-0280,4,2026-03-18
WO-0281,5,2026-03-15
WO-0282,4,2026-03-02
WO-0283,7,2026-03-20
WO-0284,6,2026-03-24
WO-0285,4,2026-03-16
WO-0286,9,2026-03-02
WO-0287,7,2026-03-04
WO-0288,4,2026-03-07
WO-0289,4,2026-03-14
WO-0290,6,2026-03-01
WO-0291,9,2026-03-27
WO-0292,8,2026-03-07
WO-0293,8,2026-03-21
WO-0294,4,2026-03-16
WO-0295,5,2026-03-27
WO-0296,9,2026-03-09
WO-0297,7,2026-03-02
WO-0298,5,2026-03-08
WO-0299,5,2026-03-23
WO-0300,9,2026-03-12
WO-0301,4,2026-03-06
WO-0302,4,2026-03-23
WO-0303,4,2026-03-15
WO-0304,4,2026-03-06
WO-0305,8,2026-03-17
WO-0306,4,2026-03-22
WO-0307,8,2026-03-18
WO-0308,8,2026-03-25
WO-0309,4,2026-03-21
WO-0310,6,2026-03-26
WO-0311,7,2026-03-19
WO-0312,5,2026-03-11
WO-0313,8,2026-03-10
WO-0314,9,2026-03-07
WO-0315,9,2026-03-06
WO-0316,7,2026-03-30
WO-0317,9,2026-03-20
WO-0318,6,2026-03-09
WO-0319,9,2026-03-16
WO-0320,5,2026-03-26
WO-0321,5,2026-03-12
WO-0322,8,2026-03-30
WO-0323,4,2026-03-19
WO-0324,6,2026-03-28
WO-0325,8,2026-03-21
WO-0326,6,2026-03-02
WO-0327,4,2026-03-28
WO-0328,9,2026-03-06
WO-0329,9,2026-03-22
WO-0330,4,2026-03-25
WO-0331,8,2026-03-12
WO-0332,4,2026-03-06
WO-0333,7,2026-03-03
WO-0334,5,2026-03-05
WO-0335,8,2026-03-11
WO-0336,6,2026-03-30
WO-0337,7,2026-03-22
WO-0338,8,2026-03-18
WO-0339,4,2026-03-13
WO-0340,4,2026-03-06
WO-0341,4,2026-03-30
WO-0342,4,2026-03-04
WO-0343,6,2026-03-16
WO-0344,7,2026-03-15
WO-0345,9,2026-03-23
WO-0346,5,2026-03-14
WO-0347,6,2026-03-17
WO-0348,6,2026-03-14
WO-0349,9,2026-03-28
WO-0350,9,2026-03-07
WO-0351,5,2026-03-12
WO-0352,5,2026-03-01
WO-0353,9,2026-03-25
WO-0354,4,2026-03-16
WO-0355,6,2026-03-02
WO-0356,8,2026-03-19
WO-0357,5,2026-03-06
WO-0358,5,2026-03-02
WO-0359,9,2026-03-09
WO-0360,7,2026-03-15
WO-0361,8,2026-03-02
WO-0362,8,2026-03-28
WO-0363,5,2026-03-15
WO-0364,4,2026-03-16
WO-0365,7,2026-03-17
WO-0366,8,2026-03-23
WO-0367,5,2026-03-28
WO-0368,8,2026-03-10
WO-0369,7,2026-03-04
WO-0370,7,2026-03-13
WO-0371,6,2026-03-14
WO-0372,9,2026-03-07
WO-0373,9,2026-03-25
WO-0374,5,2026-03-24
WO-0375,7,2026-03-10
WO-0376,6,2026-03-16
WO-0377,6,2026-03-05
WO-0378,8,2026-03-12
WO-0379,8,2026-03-06
WO-0380,6,2026-03-09
WO-0381,8,2026-03-18
WO-0382,7,2026-03-16
WO-0383,4,2026-03-25
WO-0384,7,2026-03-18
WO-0385,6,2026-03-05
WO-0386,6,2026-03-13
WO-0387,7,2026-03-06
WO-0388,8,2026-03-23
WO-0389,8,2026-03-21
WO-0390,9,2026-03-13
WO-0391,6,2026-03-20
WO-0392,5,2026-03-10
WO-0393,9,2026-03-12
WO-0394,8,2026-03-04
WO-0395,7,2026-03-25
WO-0396,8,2026-03-06
WO-0397,7,2026-03-09
WO-0398,9,2026-03-27
WO-0399,6,2026-03-26
WO-0400,8,2026-03-02
WO-0401,7,2026-03-29
WO-0402,6,2026-03-22
WO-0403,5,2026-03-18
WO-0404,7,2026-03-02
WO-0405,9,2026-03-23
WO-0406,5,2026-03-25
WO-0407,5,2026-03-07
WO-0408,4,2026-03-19
WO-0409,8,2026-03-04
WO-0410,7,2026-03-17
WO-0411,5,2026-03-05
WO-0412,4,2026-03-04
WO-0413,9,2026-03-12
WO-0414,6,2026-03-22
WO-0415,7,2026-03-22
WO-0416,5,2026-03-21
WO-0417,8,2026-03-21
WO-0418,4,2026-03-16
WO-0419,5,2026-03-25
WO-0420,8,2026-03-27
WO-0421,5,2026-03-28
WO-0422,7,2026-03-08
WO-0423,7,2026-03-19
WO-0424,7,2026-03-29
WO-0425,9,2026-03-23
WO-0426,9,2026-03-14
WO-0427,4,2026-03-15
WO-0428,7,2026-03-16
WO-0429,8,2026-03-30
WO-0430,5,2026-03-23
WO-0431,6,2026-03-01
WO-0432,8,2026-03-22
WO-0433,9,2026-03-11
WO-0434,9,2026-03-21
WO-0435,8,2026-03-03
WO-0436,9,2026-03-16
WO-0437,7,2026-03-16
WO-0438,4,2026-03-30
WO-0439,5,2026-03-09
WO-0440,4,2026-03-04
WO-0441,5,2026-03-16
WO-0442,5,2026-03-26
WO-0443,4,2026-03-22
WO-0444,8,2026-03-06
WO-0445,5,2026-03-24
WO-0446,4,2026-03-27
WO-0447,5,2026-03-14
WO-0448,6,2026-03-09
WO-0449,8,2026-03-20
WO-0450,7,2026-03-28
WO-0451,5,2026-03-18
WO-0452,6,2026-03-25
WO-0453,7,2026-03-29
WO-0454,7,2026-03-28
WO-0455,5,2026-03-10
WO-0456,4,2026-03-19
WO-0457,5,2026-03-20
WO-0458,6,2026-03-06
WO-0459,7,2026-03-20
WO-0460,5,2026-03-16
WO-0461,4,2026-03-09
WO-0462,5,2026-03-03
WO-0463,8,2026-03-12
WO-0464,4,2026-03-19
WO-0465,6,2026-03-22
WO-0466,7,2026-03-20
WO-0467,5,2026-03-03
WO-0468,4,2026-03-09
WO-0469,8,2026-03-18
WO-0470,4,2026-03-25
WO-0471,9,2026-03-28
WO-0472,8,2026-03-30
WO-0473,6,2026-03-29
WO-0474,7,2026-03-08
WO-0475,6,2026-03-18
WO-0476,5,2026-03-25
WO-0477,4,2026-03-26
WO-0478,9,2026-03-14
WO-0479,8,2026-03-26
WO-0480,8,2026-03-04
WO-0481,4,2026-03-12
WO-0482,9,2026-03-13
WO-0483,4,2026-03-03
WO-0484,5,2026-03-28
WO-0485,6,2026-03-10
WO-0486,8,2026-03-28
WO-0487,5,2026-03-25
WO-0488,6,2026-03-01
WO-0489,5,2026-03-11
WO-0490,9,2026-03-06
WO-0491,8,2026-03-14
WO-0492,4,2026-03-16
WO-0493,4,2026-03-29
WO-0494,6,2026-03-30
WO-0495,7,2026-03-30
WO-0496,9,2026-03-18
WO-0497,6,2026-03-03
WO-0498,7,2026-03-19
WO-0499,5,2026-03-10
WO-0500,9,2026-03-18
WO-0501,5,2026-03-10
WO-0502,8,2026-03-10
WO-0503,9,2026-03-26
WO-0504,7,2026-03-14
WO-0505,8,2026-03-02
WO-0506,4,2026-03-17
WO-0507,7,2026-03-10
WO-0508,6,2026-03-22
WO-0509,4,2026-03-06
WO-0510,4,2026-03-02
WO-0511,6,2026-03-03
WO-0512,9,2026-03-27
WO-0513,4,2026-03-28
WO-0514,7,2026-03-08
WO-0515,8,2026-03-14
WO-0516,4,2026-03-06
WO-0517,7,2026-03-21
WO-0518,5,2026-03-03
WO-0519,7,2026-03-21
WO-0520,8,2026-03-03
WO-0521,7,2026-03-12
WO-0522,6,2026-03-20
WO-0523,8,2026-03-16
WO-0524,9,2026-03-01
WO-0525,5,2026-03-06
WO-0526,6,2026-03-14
WO-0527,9,2026-03-13
WO-0528,7,2026-03-29
WO-0529,8,2026-03-06
WO-0530,5,2026-03-24
WO-0531,6,2026-03-27
WO-0532,9,2026-03-21
WO-0533,9,2026-03-22
WO-0534,5,2026-03-07
WO-0535,7,2026-03-27
WO-0536,5,2026-03-23
WO-0537,9,2026-03-08
WO-0538,4,2026-03-07
WO-0539,6,2026-03-09
WO-0540,5,2026-03-28
WO-0541,9,2026-03-16
WO-0542,7,2026-03-12
WO-0543,9,2026-03-26
WO-0544,7,2026-03-01
WO-0545,5,2026-03-09
WO-0546,7,2026-03-30
WO-0547,8,2026-03-04
WO-0548,8,2026-03-25
WO-0549,8,2026-03-04
WO-0550,4,2026-03-26
WO-0551,5,2026-03-20
WO-0552,9,2026-03-21
WO-0553,9,2026-03-27
WO-0554,4,2026-03-30
WO-0555,7,2026-03-12
WO-0556,4,2026-03-01
WO-0557,7,2026-03-23
WO-0558,7,2026-03-10
WO-0559,6,2026-03-09
WO-0560,9,2026-03-18
WO-0561,8,2026-03-09
WO-0562,7,2026-03-03
WO-0563,6,2026-03-16
WO-0564,9,2026-03-01
WO-0565,8,2026-03-10
WO-0566,7,2026-03-07
WO-0567,7,2026-03-22
WO-0568,4,2026-03-23
WO-0569,4,2026-03-15
WO-0570,9,2026-03-19
WO-0571,8,2026-03-23
WO-0572,7,2026-03-16
WO-0573,9,2026-03-17
WO-0574,9,2026-03-06
WO-0575,5,2026-03-08
WO-0576,4,2026-03-06
WO-0577,8,2026-03-19
WO-0578,7,2026-03-18
WO-0579,9,2026-03-12
WO-0580,7,2026-03-10
WO-0581,5,2026-03-29
WO-0582,8,2026-03-08
WO-0583,9,2026-03-03
WO-0584,7,2026-03-21
WO-0585,4,2026-03-15
WO-0586,5,2026-03-05
WO-0587,8,2026-03-18
WO-0588,5,2026-03-29
WO-0589,4,2026-03-26
WO-0590,8,2026-03-28
WO-0591,5,2026-03-10
WO-0592,6,2026-03-09
WO-0593,4,2026-03-26
WO-0594,4,2026-03-14
WO-0595,4,2026-03-25
WO-0596,6,2026-03-19
WO-0597,6,2026-03-21
WO-0598,7,2026-03-27
WO-0599,9,2026-03-23
WO-0600,5,2026-03-16
WO-0601,7,2026-03-16
WO-0602,5,2026-03-22
WO-0603,9,2026-03-10
WO-0604,6,2026-03-11
WO-0605,9,2026-03-02
WO-0606,6,2026-03-28
WO-0607,9,2026-03-06
WO-0608,7,2026-03-20
WO-0609,8,2026-03-17
WO-0610,7,2026-03-01
WO-0611,5,2026-03-02
WO-0612,7,2026-03-19
WO-0613,4,2026-03-10
WO-0614,5,2026-03-01
WO-0615,9,2026-03-29
WO-0616,5,2026-03-28
WO-0617,8,2026-03-02
WO-0618,6,2026-03-15
WO-0619,9,2026-03-21
WO-0620,5,2026-03-02
WO-0621,9,2026-03-30
WO-0622,9,2026-03-05
WO-0623,9,2026-03-30
WO-0624,6,2026-03-11
WO-0625,7,2026-03-20
WO-0626,9,2026-03-27
WO-0627,4,2026-03-07
WO-0628,8,2026-03-13
WO-0629,6,2026-03-18
WO-0630,5,2026-03-14
WO-0631,6,2026-03-21
WO-0632,5,2026-03-09
WO-0633,6,2026-03-11
WO-0634,5,2026-03-22
WO-0635,9,2026-03-18
WO-0636,7,2026-03-03
WO-0637,5,2026-03-27
WO-0638,5,2026-03-28
WO-0639,4,2026-03-26
WO-0640,5,2026-03-07
WO-0641,4,2026-03-18
WO-0642,8,2026-03-27
WO-0643,9,2026-03-20
WO-0644,4,2026-03-01
WO-0645,7,2026-03-03
WO-0646,9,2026-03-11
WO-0647,4,2026-03-27
WO-0648,9,2026-03-09
WO-0649,9,2026-03-12
WO-0650,9,2026-03-14
WO-0651,8,2026-03-25
WO-0652,7,2026-03-24
WO-0653,6,2026-03-10
WO-0654,6,2026-03-23
WO-0655,4,2026-03-24
WO-0656,9,2026-03-25
WO-0657,4,2026-03-07
WO-0658,8,2026-03-14
WO-0659,8,2026-03-05
WO-0660,5,2026-03-19
WO-0661,8,2026-03-07
WO-0662,5,2026-03-14
WO-0663,7,2026-03-18
WO-0664,4,2026-03-11
WO-0665,7,2026-03-26
WO-0666,8,2026-03-01
WO-0667,7,2026-03-14
WO-0668,7,2026-03-17
WO-0669,7,2026-03-11
WO-0670,8,2026-03-05
WO-0671,9,2026-03-11
WO-0672,7,2026-03-04
WO-0673,5,2026-03-15
WO-0674,8,2026-03-27
WO-0675,7,2026-03-07
WO-0676,9,2026-03-07
WO-0677,8,2026-03-07
WO-0678,6,2026-03-18
WO-0679,9,2026-03-14
WO-0680,5,2026-03-18
WO-0681,7,2026-03-05
WO-0682,6,2026-03-19
WO-0683,6,2026-03-28
WO-0684,8,2026-03-30
WO-0685,6,2026-03-15
WO-0686,5,2026-03-14
WO-0687,5,2026-03-02
WO-0688,4,2026-03-23
WO-0689,5,2026-03-12
WO-0690,9,2026-03-28
WO-0691,6,2026-03-15
WO-0692,5,2026-03-29
WO-0693,8,2026-03-26
WO-0694,4,2026-03-08
WO-0695,6,2026-03-19
WO-0696,4,2026-03-10
WO-0697,6,2026-03-04
WO-0698,8,2026-03-26
WO-0699,4,2026-03-03
WO-0700,7,2026-03-30
WO-0701,9,2026-03-28
WO-0702,9,2026-03-14
WO-0703,6,2026-03-28
WO-0704,7,2026-03-12
WO-0705,4,2026-03-14
WO-0706,7,2026-03-03
WO-0707,7,2026-03-08
WO-0708,4,2026-03-29
WO-0709,8,2026-03-16
WO-0710,7,2026-03-23
WO-0711,7,2026-03-20
WO-0712,8,2026-03-22
WO-0713,7,2026-03-13
WO-0714,7,2026-03-21
WO-0715,7,2026-03-22
WO-0716,9,2026-03-04
WO-0717,5,2026-03-16
WO-0718,8,2026-03-23
WO-0719,7,2026-03-04
WO-0720,9,2026-03-26
WO-0721,8,2026-03-18
WO-0722,6,2026-03-19
WO-0723,6,2026-03-11
WO-0724,7,2026-03-29
WO-0725,9,2026-03-08
WO-0726,9,2026-03-05
WO-0727,8,2026-03-13
WO-0728,8,2026-03-14
WO-0729,9,2026-03-25
WO-0730,8,2026-03-29
WO-0731,9,2026-03-19
WO-0732,5,2026-03-17
WO-0733,9,2026-03-30
WO-0734,6,2026-03-25
WO-0735,8,2026-03-11
WO-0736,9,2026-03-17
WO-0737,9,2026-03-17
WO-0738,8,2026-03-25
WO-0739,5,2026-03-25
WO-0740,5,2026-03-04
WO-0741,8,2026-03-16
WO-0742,4,2026-03-05
WO-0743,8,2026-03-29
WO-0744,8,2026-03-24
WO-0745,5,2026-03-10
WO-0746,5,2026-03-16
WO-0747,8,2026-03-13
WO-0748,8,2026-03-21
WO-0749,8,2026-03-25
WO-0750,5,2026-03-03
WO-0751,8,2026-03-12
WO-0752,8,2026-03-02
WO-0753,7,2026-03-18
WO-0754,4,2026-03-06
WO-0755,6,2026-03-06
WO-0756,4,2026-03-14
WO-0757,7,2026-03-29
WO-0758,6,2026-03-03
WO-0759,8,2026-03-03
WO-0760,7,2026-03-21
WO-0761,8,2026-03-08
WO-0762,5,2026-03-27
WO-0763,9,2026-03-19
WO-0764,7,2026-03-09
WO-0765,5,2026-03-06
WO-0766,7,2026-03-26
WO-0767,7,2026-03-26
WO-0768,5,2026-03-27
WO-0769,6,2026-03-27
WO-0770,4,2026-03-11
WO-0771,8,2026-03-13
WO-0772,7,2026-03-22
WO-0773,8,2026-03-23
WO-0774,9,2026-03-08
WO-0775,5,2026-03-27
WO-0776,8,2026-03-24
WO-0777,5,2026-03-24
WO-0778,8,2026-03-20
WO-0779,4,2026-03-06
WO-0780,4,2026-03-18
WO-0781,4,2026-03-18
WO-0782,4,2026-03-04
WO-0783,4,2026-03-08
WO-0784,4,2026-03-07
WO-0785,5,2026-03-08
WO-0786,7,2026-03-25
WO-0787,8,2026-03-19
WO-0788,4,2026-03-01
WO-0789,5,2026-03-15
WO-0790,5,2026-03-05
WO-0791,5,2026-03-14
WO-0792,7,2026-03-14
WO-0793,8,2026-03-23
WO-0794,7,2026-03-13
WO-0795,6,2026-03-15
WO-0796,5,2026-03-04
WO-0797,6,2026-03-30
WO-0798,9,2026-03-21
WO-0799,4,2026-03-05
WO-0800,4,2026-03-08
WO-0801,7,2026-03-02
WO-0802,8,2026-03-27
WO-0803,6,2026-03-03
WO-0804,8,2026-03-04
WO-0805,7,2026-03-30
WO-0806,4,2026-03-06
WO-0807,8,2026-03-11
WO-0808,8,2026-03-11
WO-0809,4,2026-03-07
WO-0810,6,2026-03-28
WO-0811,4,2026-03-20
WO-0812,8,2026-03-10
WO-0813,6,2026-03-11
WO-0814,6,2026-03-10
WO-0815,4,2026-03-13
WO-0816,8,2026-03-24
WO-0817,7,2026-03-09
WO-0818,8,2026-03-27
WO-0819,5,2026-03-01
WO-0820,9,2026-03-12
WO-0821,7,2026-03-17
WO-0822,6,2026-03-27
WO-0823,7,2026-03-03
WO-0824,6,2026-03-27
WO-0825,6,2026-03-17
WO-0826,7,2026-03-26
WO-0827,6,2026-03-14
WO-0828,6,2026-03-30
WO-0829,5,2026-03-12
WO-0830,8,2026-03-26
WO-0831,8,2026-03-18
WO-0832,9,2026-03-19
WO-0833,9,2026-03-11
WO-0834,5,2026-03-17
WO-0835,9,2026-03-21
WO-0836,7,2026-03-25
WO-0837,4,2026-03-15
WO-0838,4,2026-03-09
WO-0839,4,2026-03-25
WO-0840,5,2026-03-25
WO-0841,5,2026-03-04
WO-0842,6,2026-03-23
WO-0843,4,2026-03-23
WO-0844,7,2026-03-17
WO-0845,9,2026-03-08
WO-0846,7,2026-03-26
WO-0847,9,2026-03-19
WO-0848,4,2026-03-10
WO-0849,4,2026-03-12
WO-0850,4,2026-03-06
WO-0851,5,2026-03-15
WO-0852,9,2026-03-29
WO-0853,5,2026-03-17
WO-0854,5,2026-03-20
WO-0855,8,2026-03-10
WO-0856,7,2026-03-21
WO-0857,7,2026-03-29
WO-0858,6,2026-03-28
WO-0859,5,2026-03-30
WO-0860,9,2026-03-23
WO-0861,8,2026-03-17
WO-0862,8,2026-03-16
WO-0863,7,2026-03-27
WO-0864,5,2026-03-18
WO-0865,6,2026-03-20
WO-0866,5,2026-03-30
WO-0867,4,2026-03-06
WO-0868,5,2026-03-19
WO-0869,4,2026-03-27
WO-0870,4,2026-03-14
WO-0871,6,2026-03-30
WO-0872,9,2026-03-28
WO-0873,7,2026-03-24
WO-0874,5,2026-03-25
WO-0875,4,2026-03-16
WO-0876,5,2026-03-04
WO-0877,9,2026-03-04
WO-0878,7,2026-03-07
WO-0879,9,2026-03-30
WO-0880,7,2026-03-02
WO-0881,8,2026-03-14
WO-0882,7,2026-03-13
WO-0883,6,2026-03-18
WO-0884,9,2026-03-04
WO-0885,4,2026-03-06
WO-0886,8,2026-03-17
WO-0887,6,2026-03-19
WO-0888,5,2026-03-11
WO-0889,9,2026-03-08
WO-0890,4,2026-03-14
WO-0891,7,2026-03-16
WO-0892,4,2026-03-10
WO-0893,5,2026-03-15
WO-0894,8,2026-03-22
WO-0895,8,2026-03-30
WO-0896,9,2026-03-28
WO-0897,8,2026-03-16
WO-0898,9,2026-03-19
WO-0899,9,2026-03-04
WO-0900,9,2026-03-29
WO-0901,7,2026-03-19
WO-0902,6,2026-03-15
WO-0903,9,2026-03-02
WO-0904,9,2026-03-30
WO-0905,6,2026-03-24
WO-0906,4,2026-03-04
WO-0907,9,2026-03-10
WO-0908,7,2026-03-12
WO-0909,8,2026-03-01
WO-0910,8,2026-03-13
WO-0911,5,2026-03-26
WO-0912,5,2026-03-28
WO-0913,8,2026-03-03
WO-0914,8,2026-03-10
WO-0915,7,2026-03-22
WO-0916,6,2026-03-19
WO-0917,5,2026-03-20
WO-0918,6,2026-03-18
WO-0919,7,2026-03-28
WO-0920,8,2026-03-09
WO-0921,9,2026-03-09
WO-0922,6,2026-03-21
WO-0923,8,2026-03-04
WO-0924,8,2026-03-08
WO-0925,4,2026-03-13
WO-0926,6,2026-03-12
WO-0927,9,2026-03-24
WO-0928,6,2026-03-10
WO-0929,8,2026-03-30
WO-0930,9,2026-03-17
WO-0931,7,2026-03-28
WO-0932,4,2026-03-23
WO-0933,8,2026-03-04
WO-0934,5,2026-03-22
WO-0935,5,2026-03-28
WO-0936,4,2026-03-08
WO-0937,7,2026-03-18
WO-0938,8,2026-03-11
WO-0939,6,2026-03-26
WO-0940,4,2026-03-28
WO-0941,7,2026-03-05
WO-0942,6,2026-03-05
WO-0943,5,2026-03-04
WO-0944,5,2026-03-17
WO-0945,6,2026-03-01
WO-0946,4,2026-03-20
WO-0947,5,2026-03-22
WO-0948,8,2026-03-13
WO-0949,9,2026-03-17
WO-0950,6,2026-03-19
WO-0951,6,2026-03-27
WO-0952,5,2026-03-28
WO-0953,4,2026-03-18
WO-0954,8,2026-03-19
WO-0955,4,2026-03-08
WO-0956,7,2026-03-05
WO-0957,7,2026-03-07
WO-0958,9,2026-03-06
WO-0959,5,2026-03-07
WO-0960,5,2026-03-04
WO-0961,5,2026-03-28
WO-0962,9,2026-03-10
WO-0963,7,2026-03-03
WO-0964,4,2026-03-14
WO-0965,9,2026-03-09
WO-0966,9,2026-03-26
WO-0967,4,2026-03-19
WO-0968,5,2026-03-08
WO-0969,8,2026-03-09
WO-0970,4,2026-03-12
WO-0971,7,2026-03-09
WO-0972,6,2026-03-17
WO-0973,6,2026-03-02
WO-0974,9,2026-03-24
WO-0975,6,2026-03-06
WO-0976,8,2026-03-29
WO-0977,5,2026-03-27
WO-0978,7,2026-03-03
WO-0979,8,2026-03-21
WO-0980,7,2026-03-28
WO-0981,7,2026-03-23
WO-0982,5,2026-03-03
WO-0983,9,2026-03-26
WO-0984,6,2026-03-30
WO-0985,5,2026-03-09
WO-0986,8,2026-03-29
WO-0987,9,2026-03-18
WO-0988,8,2026-03-26
WO-0989,9,2026-03-04
WO-0990,8,2026-03-09
WO-0991,5,2026-03-24
WO-0992,9,2026-03-11
WO-0993,9,2026-03-29
WO-0994,7,2026-03-11
WO-0995,7,2026-03-09
WO-0996,4,2026-03-24
WO-0997,8,2026-03-16
WO-0998,7,2026-03-12
WO-0999,4,2026-03-07
WO-1000,7,2026-03-15
