Work_Order,VIN,Model,Production_Date,Planned_Qty,Actual_Qty,Status,Priority,Plant,Supervisor_ID
WO10000,MA1AB100000000000,EV Prime,2026-03-01,140,127,Delayed,Low,Plant-B,SUPV009
WO10001,MA1AB100000000001,EV Prime,2026-03-02,181,178,Planned,Medium,Plant-C,SUPV001
WO10002,MA1AB100000000002,Hatch Z,2026-03-03,76,61,Delayed,Low,Plant-C,SUPV001
WO10003,MA1AB100000000003,EV Prime,2026-03-04,130,133,In Progress,High,Plant-C,SUPV017
WO10004,MA1AB100000000004,SUV Pro,2026-03-05,141,140,Planned,Low,Plant-B,SUPV023
WO10005,MA1AB100000000005,Hatch Z,2026-03-06,140,144,In Progress,High,Plant-C,SUPV002
WO10006,MA1AB100000000006,Sedan X,2026-03-07,82,77,Completed,Low,Plant-B,SUPV017
WO10007,MA1AB100000000007,Sedan X,2026-03-08,188,181,In Progress,Low,Plant-B,SUPV007
WO10008,MA1AB100000000008,Sedan X,2026-03-09,170,178,Delayed,Low,Plant-B,SUPV022
WO10009,MA1AB100000000009,SUV Pro,2026-03-10,123,132,Completed,Medium,Plant-C,SUPV019
WO10010,MA1AB100000000010,Hatch Z,2026-03-11,60,60,Delayed,Medium,Plant-C,SUPV017
WO10011,MA1AB100000000011,Sedan X,2026-03-12,106,110,In Progress,Medium,Plant-B,SUPV009
WO10012,MA1AB100000000012,EV Prime,2026-03-13,192,181,Planned,High,Plant-C,SUPV021
WO10013,MA1AB100000000013,Hatch Z,2026-03-14,71,58,Delayed,Medium,Plant-B,SUPV025
WO10014,MA1AB100000000014,Hatch Z,2026-03-15,58,62,Delayed,Low,Plant-C,SUPV011
WO10015,MA1AB100000000015,SUV Pro,2026-03-16,55,58,In Progress,Medium,Plant-B,SUPV023
WO10016,MA1AB100000000016,EV Prime,2026-03-17,97,87,In Progress,High,Plant-A,SUPV005
WO10017,MA1AB100000000017,EV Prime,2026-03-18,195,191,Planned,Medium,Plant-B,SUPV001
WO10018,MA1AB100000000018,Sedan X,2026-03-19,81,79,Completed,High,Plant-B,SUPV002
WO10019,MA1AB100000000019,EV Prime,2026-03-20,85,75,In Progress,Medium,Plant-C,SUPV015
WO10020,MA1AB100000000020,Sedan X,2026-03-21,194,197,Planned,High,Plant-A,SUPV018
WO10021,MA1AB100000000021,Sedan X,2026-03-22,136,141,In Progress,Low,Plant-A,SUPV013
WO10022,MA1AB100000000022,Sedan X,2026-03-23,81,66,Completed,High,Plant-C,SUPV010
WO10023,MA1AB100000000023,SUV Pro,2026-03-24,111,115,Completed,Low,Plant-C,SUPV003
WO10024,MA1AB100000000024,Hatch Z,2026-03-25,194,194,Planned,High,Plant-B,SUPV014
WO10025,MA1AB100000000025,EV Prime,2026-03-26,140,134,In Progress,High,Plant-C,SUPV004
WO10026,MA1AB100000000026,EV Prime,2026-03-27,168,173,Planned,Medium,Plant-C,SUPV017
WO10027,MA1AB100000000027,Hatch Z,2026-03-28,66,76,Delayed,Low,Plant-A,SUPV025
WO10028,MA1AB100000000028,Hatch Z,2026-03-29,112,108,In Progress,Medium,Plant-A,SUPV019
WO10029,MA1AB100000000029,EV Prime,2026-03-30,75,81,Delayed,Medium,Plant-C,SUPV018
WO10030,MA1AB100000000030,SUV Pro,2026-03-31,56,58,Completed,High,Plant-B,SUPV018
WO10031,MA1AB100000000031,Sedan X,2026-04-01,173,170,Planned,Low,Plant-C,SUPV019
WO10032,MA1AB100000000032,Hatch Z,2026-04-02,172,174,Completed,Medium,Plant-C,SUPV007
WO10033,MA1AB100000000033,Hatch Z,2026-04-03,73,61,Delayed,Medium,Plant-C,SUPV012
WO10034,MA1AB100000000034,EV Prime,2026-04-04,77,64,Completed,High,Plant-B,SUPV019
WO10035,MA1AB100000000035,Hatch Z,2026-04-05,64,61,Completed,High,Plant-B,SUPV007
WO10036,MA1AB100000000036,Hatch Z,2026-04-06,169,175,Delayed,Medium,Plant-B,SUPV022
WO10037,MA1AB100000000037,EV Prime,2026-04-07,64,53,Planned,High,Plant-B,SUPV015
WO10038,MA1AB100000000038,Hatch Z,2026-04-08,183,182,Completed,High,Plant-B,SUPV004
WO10039,MA1AB100000000039,Hatch Z,2026-04-09,93,91,Delayed,Medium,Plant-A,SUPV017
WO10040,MA1AB100000000040,Hatch Z,2026-04-10,195,196,Completed,Low,Plant-A,SUPV020
WO10041,MA1AB100000000041,EV Prime,2026-04-11,147,151,In Progress,Low,Plant-C,SUPV013
WO10042,MA1AB100000000042,SUV Pro,2026-04-12,60,50,Planned,Medium,Plant-B,SUPV002
WO10043,MA1AB100000000043,SUV Pro,2026-04-13,107,106,Delayed,High,Plant-C,SUPV005
WO10044,MA1AB100000000044,EV Prime,2026-04-14,68,70,Planned,Medium,Plant-B,SUPV024
WO10045,MA1AB100000000045,Hatch Z,2026-04-15,166,171,Planned,Low,Plant-B,SUPV004
WO10046,MA1AB100000000046,EV Prime,2026-04-16,72,82,Delayed,Low,Plant-A,SUPV020
WO10047,MA1AB100000000047,EV Prime,2026-04-17,94,100,Delayed,Medium,Plant-C,SUPV003
WO10048,MA1AB100000000048,Hatch Z,2026-04-18,151,152,Delayed,Low,Plant-A,SUPV011
WO10049,MA1AB100000000049,SUV Pro,2026-04-19,151,138,Delayed,Medium,Plant-C,SUPV021
WO10050,MA1AB100000000050,EV Prime,2026-04-20,76,69,Planned,Medium,Plant-A,SUPV013
WO10051,MA1AB100000000051,SUV Pro,2026-04-21,70,74,In Progress,Low,Plant-B,SUPV023
WO10052,MA1AB100000000052,Sedan X,2026-04-22,128,129,Planned,Medium,Plant-C,SUPV006
WO10053,MA1AB100000000053,SUV Pro,2026-04-23,174,181,Delayed,Low,Plant-B,SUPV001
WO10054,MA1AB100000000054,SUV Pro,2026-04-24,200,197,Completed,High,Plant-B,SUPV003
WO10055,MA1AB100000000055,Sedan X,2026-04-25,90,93,In Progress,High,Plant-A,SUPV005
WO10056,MA1AB100000000056,SUV Pro,2026-04-26,181,171,Planned,High,Plant-A,SUPV019
WO10057,MA1AB100000000057,Sedan X,2026-04-27,150,146,Delayed,Medium,Plant-C,SUPV021
WO10058,MA1AB100000000058,Hatch Z,2026-04-28,106,112,Planned,Low,Plant-B,SUPV004
WO10059,MA1AB100000000059,SUV Pro,2026-04-29,59,50,Completed,High,Plant-B,SUPV025
WO10060,MA1AB100000000060,Hatch Z,2026-04-30,159,160,Delayed,Low,Plant-B,SUPV014
WO10061,MA1AB100000000061,EV Prime,2026-05-01,155,163,Planned,High,Plant-B,SUPV002
WO10062,MA1AB100000000062,EV Prime,2026-05-02,159,147,Planned,High,Plant-B,SUPV014
WO10063,MA1AB100000000063,SUV Pro,2026-05-03,65,60,Delayed,Medium,Plant-C,SUPV017
WO10064,MA1AB100000000064,Sedan X,2026-05-04,171,178,In Progress,High,Plant-C,SUPV001
WO10065,MA1AB100000000065,Hatch Z,2026-05-05,188,188,In Progress,Low,Plant-A,SUPV025
WO10066,MA1AB100000000066,Sedan X,2026-05-06,124,111,Completed,High,Plant-C,SUPV020
WO10067,MA1AB100000000067,Hatch Z,2026-05-07,51,44,In Progress,Low,Plant-A,SUPV012
WO10068,MA1AB100000000068,SUV Pro,2026-05-08,144,133,Delayed,Low,Plant-A,SUPV024
WO10069,MA1AB100000000069,Hatch Z,2026-05-09,127,131,Delayed,High,Plant-B,SUPV014
WO10070,MA1AB100000000070,EV Prime,2026-05-10,138,147,Completed,High,Plant-C,SUPV019
WO10071,MA1AB100000000071,Hatch Z,2026-05-11,175,167,Delayed,High,Plant-A,SUPV013
WO10072,MA1AB100000000072,EV Prime,2026-05-12,98,107,Completed,Low,Plant-A,SUPV012
WO10073,MA1AB100000000073,Sedan X,2026-05-13,136,135,Planned,Medium,Plant-B,SUPV003
WO10074,MA1AB100000000074,SUV Pro,2026-05-14,91,82,Delayed,Medium,Plant-A,SUPV010
WO10075,MA1AB100000000075,Sedan X,2026-05-15,51,39,Completed,Low,Plant-A,SUPV018
WO10076,MA1AB100000000076,SUV Pro,2026-05-16,145,145,Completed,Medium,Plant-A,SUPV022
WO10077,MA1AB100000000077,Hatch Z,2026-05-17,200,198,Completed,High,Plant-A,SUPV001
WO10078,MA1AB100000000078,Sedan X,2026-05-18,129,139,In Progress,Low,Plant-C,SUPV001
WO10079,MA1AB100000000079,Sedan X,2026-05-19,58,60,Delayed,Medium,Plant-A,SUPV003
WO10080,MA1AB100000000080,EV Prime,2026-05-20,120,126,Completed,High,Plant-A,SUPV010
WO10081,MA1AB100000000081,EV Prime,2026-05-21,129,115,Delayed,Medium,Plant-C,SUPV024
WO10082,MA1AB100000000082,Sedan X,2026-05-22,135,143,Completed,Medium,Plant-B,SUPV004
WO10083,MA1AB100000000083,SUV Pro,2026-05-23,146,143,Completed,High,Plant-A,SUPV019
WO10084,MA1AB100000000084,SUV Pro,2026-05-24,197,207,In Progress,Low,Plant-A,SUPV003
WO10085,MA1AB100000000085,EV Prime,2026-05-25,51,49,Delayed,Low,Plant-B,SUPV019
WO10086,MA1AB100000000086,EV Prime,2026-05-26,82,71,Delayed,Medium,Plant-C,SUPV021
WO10087,MA1AB100000000087,Sedan X,2026-05-27,87,74,In Progress,Low,Plant-C,SUPV005
WO10088,MA1AB100000000088,SUV Pro,2026-05-28,68,53,Planned,Low,Plant-A,SUPV020
WO10089,MA1AB100000000089,EV Prime,2026-05-29,124,127,Delayed,Low,Plant-C,SUPV001
WO10090,MA1AB100000000090,SUV Pro,2026-03-01,92,102,In Progress,High,Plant-A,SUPV010
WO10091,MA1AB100000000091,EV Prime,2026-03-02,173,183,Delayed,Low,Plant-B,SUPV014
WO10092,MA1AB100000000092,SUV Pro,2026-03-03,165,169,Planned,Medium,Plant-B,SUPV016
WO10093,MA1AB100000000093,Hatch Z,2026-03-04,154,149,Completed,Medium,Plant-B,SUPV013
WO10094,MA1AB100000000094,Hatch Z,2026-03-05,59,63,In Progress,Medium,Plant-B,SUPV004
WO10095,MA1AB100000000095,Sedan X,2026-03-06,77,80,Completed,Low,Plant-B,SUPV022
WO10096,MA1AB100000000096,SUV Pro,2026-03-07,196,205,Planned,Medium,Plant-B,SUPV006
WO10097,MA1AB100000000097,EV Prime,2026-03-08,60,70,Delayed,Low,Plant-B,SUPV005
WO10098,MA1AB100000000098,Hatch Z,2026-03-09,118,111,Delayed,Low,Plant-A,SUPV007
WO10099,MA1AB100000000099,SUV Pro,2026-03-10,95,99,Completed,Low,Plant-A,SUPV015
WO10100,MA1AB100000000100,SUV Pro,2026-03-11,185,180,Completed,High,Plant-A,SUPV006
WO10101,MA1AB100000000101,Hatch Z,2026-03-12,194,186,In Progress,Low,Plant-A,SUPV002
WO10102,MA1AB100000000102,SUV Pro,2026-03-13,143,140,Delayed,Low,Plant-C,SUPV024
WO10103,MA1AB100000000103,EV Prime,2026-03-14,93,84,Planned,Medium,Plant-B,SUPV018
WO10104,MA1AB100000000104,Hatch Z,2026-03-15,188,175,Planned,High,Plant-C,SUPV017
WO10105,MA1AB100000000105,SUV Pro,2026-03-16,198,204,Completed,Low,Plant-B,SUPV004
WO10106,MA1AB100000000106,Hatch Z,2026-03-17,115,117,Planned,Medium,Plant-B,SUPV021
WO10107,MA1AB100000000107,Hatch Z,2026-03-18,186,178,Completed,Low,Plant-C,SUPV023
WO10108,MA1AB100000000108,Sedan X,2026-03-19,132,135,In Progress,Medium,Plant-B,SUPV025
WO10109,MA1AB100000000109,Sedan X,2026-03-20,133,142,In Progress,Low,Plant-A,SUPV009
WO10110,MA1AB100000000110,Sedan X,2026-03-21,137,130,Completed,High,Plant-A,SUPV025
WO10111,MA1AB100000000111,SUV Pro,2026-03-22,119,123,In Progress,Low,Plant-B,SUPV016
WO10112,MA1AB100000000112,Sedan X,2026-03-23,69,66,In Progress,High,Plant-B,SUPV010
WO10113,MA1AB100000000113,SUV Pro,2026-03-24,106,104,Planned,High,Plant-C,SUPV021
WO10114,MA1AB100000000114,Sedan X,2026-03-25,107,109,Delayed,Medium,Plant-B,SUPV012
WO10115,MA1AB100000000115,Hatch Z,2026-03-26,80,67,Delayed,High,Plant-A,SUPV021
WO10116,MA1AB100000000116,Hatch Z,2026-03-27,72,74,Delayed,High,Plant-A,SUPV011
WO10117,MA1AB100000000117,EV Prime,2026-03-28,128,138,Completed,Low,Plant-A,SUPV003
WO10118,MA1AB100000000118,SUV Pro,2026-03-29,115,114,Delayed,Medium,Plant-B,SUPV014
WO10119,MA1AB100000000119,Hatch Z,2026-03-30,182,174,In Progress,Low,Plant-A,SUPV007
WO10120,MA1AB100000000120,Sedan X,2026-03-31,111,120,Planned,Low,Plant-C,SUPV017
WO10121,MA1AB100000000121,Hatch Z,2026-04-01,116,124,In Progress,Medium,Plant-C,SUPV020
WO10122,MA1AB100000000122,SUV Pro,2026-04-02,193,188,Completed,Medium,Plant-A,SUPV006
WO10123,MA1AB100000000123,Sedan X,2026-04-03,176,163,Delayed,Medium,Plant-C,SUPV015
WO10124,MA1AB100000000124,Sedan X,2026-04-04,125,129,Delayed,Low,Plant-B,SUPV011
WO10125,MA1AB100000000125,SUV Pro,2026-04-05,122,129,Delayed,High,Plant-B,SUPV020
WO10126,MA1AB100000000126,EV Prime,2026-04-06,147,142,Completed,High,Plant-A,SUPV006
WO10127,MA1AB100000000127,Hatch Z,2026-04-07,142,134,Planned,High,Plant-C,SUPV019
WO10128,MA1AB100000000128,Hatch Z,2026-04-08,171,156,Planned,Low,Plant-B,SUPV009
WO10129,MA1AB100000000129,SUV Pro,2026-04-09,191,189,Delayed,Medium,Plant-A,SUPV003
WO10130,MA1AB100000000130,EV Prime,2026-04-10,83,91,Delayed,High,Plant-A,SUPV002
WO10131,MA1AB100000000131,EV Prime,2026-04-11,152,158,Planned,Low,Plant-A,SUPV018
WO10132,MA1AB100000000132,EV Prime,2026-04-12,164,166,In Progress,High,Plant-A,SUPV009
WO10133,MA1AB100000000133,EV Prime,2026-04-13,131,122,Completed,Medium,Plant-B,SUPV011
WO10134,MA1AB100000000134,SUV Pro,2026-04-14,184,172,Completed,High,Plant-A,SUPV005
WO10135,MA1AB100000000135,EV Prime,2026-04-15,112,119,Planned,Medium,Plant-C,SUPV018
WO10136,MA1AB100000000136,Sedan X,2026-04-16,105,100,Completed,Low,Plant-A,SUPV009
WO10137,MA1AB100000000137,SUV Pro,2026-04-17,142,131,Planned,High,Plant-A,SUPV025
WO10138,MA1AB100000000138,Sedan X,2026-04-18,180,170,Completed,High,Plant-B,SUPV006
WO10139,MA1AB100000000139,Hatch Z,2026-04-19,72,71,Planned,Medium,Plant-A,SUPV019
WO10140,MA1AB100000000140,SUV Pro,2026-04-20,176,180,In Progress,High,Plant-C,SUPV018
WO10141,MA1AB100000000141,Hatch Z,2026-04-21,111,115,Completed,Low,Plant-C,SUPV015
WO10142,MA1AB100000000142,SUV Pro,2026-04-22,56,50,Planned,Medium,Plant-A,SUPV009
WO10143,MA1AB100000000143,EV Prime,2026-04-23,174,165,Planned,Medium,Plant-C,SUPV008
WO10144,MA1AB100000000144,SUV Pro,2026-04-24,152,153,In Progress,High,Plant-C,SUPV002
WO10145,MA1AB100000000145,EV Prime,2026-04-25,105,100,Completed,Low,Plant-B,SUPV021
WO10146,MA1AB100000000146,SUV Pro,2026-04-26,73,67,Planned,Low,Plant-B,SUPV010
WO10147,MA1AB100000000147,EV Prime,2026-04-27,110,104,In Progress,High,Plant-C,SUPV010
WO10148,MA1AB100000000148,Hatch Z,2026-04-28,167,161,Planned,Medium,Plant-A,SUPV022
WO10149,MA1AB100000000149,EV Prime,2026-04-29,67,71,Delayed,High,Plant-B,SUPV013
WO10150,MA1AB100000000150,EV Prime,2026-04-30,188,180,Delayed,Low,Plant-A,SUPV009
WO10151,MA1AB100000000151,Hatch Z,2026-05-01,152,147,Planned,Medium,Plant-B,SUPV005
WO10152,MA1AB100000000152,EV Prime,2026-05-02,72,80,In Progress,High,Plant-A,SUPV009
WO10153,MA1AB100000000153,Hatch Z,2026-05-03,188,173,Delayed,Low,Plant-B,SUPV023
WO10154,MA1AB100000000154,Sedan X,2026-05-04,100,93,Planned,High,Plant-A,SUPV020
WO10155,MA1AB100000000155,Sedan X,2026-05-05,140,136,Delayed,Medium,Plant-B,SUPV025
WO10156,MA1AB100000000156,Sedan X,2026-05-06,144,135,Completed,Medium,Plant-A,SUPV022
WO10157,MA1AB100000000157,Hatch Z,2026-05-07,77,78,In Progress,Medium,Plant-B,SUPV024
WO10158,MA1AB100000000158,Hatch Z,2026-05-08,101,102,In Progress,High,Plant-B,SUPV005
WO10159,MA1AB100000000159,Sedan X,2026-05-09,121,121,Completed,Low,Plant-B,SUPV005
WO10160,MA1AB100000000160,SUV Pro,2026-05-10,150,156,In Progress,High,Plant-A,SUPV010
WO10161,MA1AB100000000161,EV Prime,2026-05-11,182,171,Completed,High,Plant-A,SUPV022
WO10162,MA1AB100000000162,SUV Pro,2026-05-12,192,184,Planned,High,Plant-B,SUPV013
WO10163,MA1AB100000000163,Hatch Z,2026-05-13,127,134,Planned,Medium,Plant-B,SUPV014
WO10164,MA1AB100000000164,Hatch Z,2026-05-14,74,61,Completed,Low,Plant-A,SUPV019
WO10165,MA1AB100000000165,EV Prime,2026-05-15,85,77,In Progress,High,Plant-C,SUPV006
WO10166,MA1AB100000000166,Hatch Z,2026-05-16,56,59,In Progress,Low,Plant-B,SUPV008
WO10167,MA1AB100000000167,Hatch Z,2026-05-17,112,112,In Progress,Medium,Plant-A,SUPV015
WO10168,MA1AB100000000168,EV Prime,2026-05-18,106,92,Delayed,High,Plant-B,SUPV025
WO10169,MA1AB100000000169,Sedan X,2026-05-19,54,52,Delayed,High,Plant-B,SUPV007
WO10170,MA1AB100000000170,EV Prime,2026-05-20,50,42,Planned,Low,Plant-B,SUPV016
WO10171,MA1AB100000000171,EV Prime,2026-05-21,130,124,In Progress,Low,Plant-A,SUPV007
WO10172,MA1AB100000000172,EV Prime,2026-05-22,105,114,Delayed,Medium,Plant-B,SUPV018
WO10173,MA1AB100000000173,EV Prime,2026-05-23,152,141,Completed,High,Plant-C,SUPV017
WO10174,MA1AB100000000174,Sedan X,2026-05-24,136,138,Completed,Low,Plant-B,SUPV009
WO10175,MA1AB100000000175,SUV Pro,2026-05-25,89,75,Planned,Low,Plant-B,SUPV023
WO10176,MA1AB100000000176,Hatch Z,2026-05-26,116,106,Completed,High,Plant-C,SUPV019
WO10177,MA1AB100000000177,SUV Pro,2026-05-27,191,201,In Progress,High,Plant-A,SUPV012
WO10178,MA1AB100000000178,SUV Pro,2026-05-28,63,52,Delayed,Low,Plant-C,SUPV009
WO10179,MA1AB100000000179,SUV Pro,2026-05-29,183,170,In Progress,Medium,Plant-B,SUPV017
WO10180,MA1AB100000000180,Hatch Z,2026-03-01,117,105,Completed,High,Plant-C,SUPV018
WO10181,MA1AB100000000181,Hatch Z,2026-03-02,121,123,Delayed,Low,Plant-C,SUPV015
WO10182,MA1AB100000000182,SUV Pro,2026-03-03,88,84,In Progress,High,Plant-A,SUPV002
WO10183,MA1AB100000000183,SUV Pro,2026-03-04,148,148,In Progress,Low,Plant-C,SUPV012
WO10184,MA1AB100000000184,SUV Pro,2026-03-05,64,66,In Progress,Medium,Plant-B,SUPV014
WO10185,MA1AB100000000185,EV Prime,2026-03-06,64,71,In Progress,Low,Plant-C,SUPV011
WO10186,MA1AB100000000186,EV Prime,2026-03-07,180,172,Delayed,High,Plant-C,SUPV006
WO10187,MA1AB100000000187,Hatch Z,2026-03-08,93,84,Planned,Low,Plant-C,SUPV024
WO10188,MA1AB100000000188,EV Prime,2026-03-09,101,103,In Progress,Medium,Plant-C,SUPV021
WO10189,MA1AB100000000189,EV Prime,2026-03-10,161,166,Delayed,Low,Plant-A,SUPV006
WO10190,MA1AB100000000190,EV Prime,2026-03-11,199,197,Planned,Low,Plant-A,SUPV002
WO10191,MA1AB100000000191,EV Prime,2026-03-12,76,67,In Progress,Low,Plant-A,SUPV018
WO10192,MA1AB100000000192,Hatch Z,2026-03-13,80,65,Completed,Medium,Plant-B,SUPV004
WO10193,MA1AB100000000193,EV Prime,2026-03-14,79,75,Planned,Medium,Plant-C,SUPV015
WO10194,MA1AB100000000194,Sedan X,2026-03-15,164,154,Completed,Medium,Plant-B,SUPV002
WO10195,MA1AB100000000195,Sedan X,2026-03-16,175,182,Delayed,Low,Plant-A,SUPV023
WO10196,MA1AB100000000196,SUV Pro,2026-03-17,103,99,In Progress,Low,Plant-C,SUPV005
WO10197,MA1AB100000000197,Sedan X,2026-03-18,102,102,Completed,Low,Plant-C,SUPV024
WO10198,MA1AB100000000198,Sedan X,2026-03-19,188,197,Delayed,High,Plant-A,SUPV005
WO10199,MA1AB100000000199,Hatch Z,2026-03-20,179,188,In Progress,Medium,Plant-B,SUPV005
WO10200,MA1AB100000000200,Hatch Z,2026-03-21,135,145,In Progress,High,Plant-B,SUPV014
WO10201,MA1AB100000000201,Hatch Z,2026-03-22,196,206,In Progress,Low,Plant-B,SUPV001
WO10202,MA1AB100000000202,SUV Pro,2026-03-23,76,74,Planned,High,Plant-A,SUPV004
WO10203,MA1AB100000000203,SUV Pro,2026-03-24,69,79,Planned,High,Plant-B,SUPV004
WO10204,MA1AB100000000204,EV Prime,2026-03-25,66,68,Planned,High,Plant-A,SUPV011
WO10205,MA1AB100000000205,SUV Pro,2026-03-26,83,90,Completed,High,Plant-A,SUPV002
WO10206,MA1AB100000000206,EV Prime,2026-03-27,149,139,Planned,High,Plant-A,SUPV022
WO10207,MA1AB100000000207,Sedan X,2026-03-28,178,176,Completed,High,Plant-B,SUPV009
WO10208,MA1AB100000000208,Hatch Z,2026-03-29,98,84,Planned,High,Plant-A,SUPV017
WO10209,MA1AB100000000209,EV Prime,2026-03-30,129,123,Completed,High,Plant-B,SUPV024
WO10210,MA1AB100000000210,SUV Pro,2026-03-31,114,119,In Progress,High,Plant-C,SUPV001
WO10211,MA1AB100000000211,EV Prime,2026-04-01,186,195,In Progress,Medium,Plant-B,SUPV016
WO10212,MA1AB100000000212,Sedan X,2026-04-02,51,60,Completed,Low,Plant-B,SUPV003
WO10213,MA1AB100000000213,Hatch Z,2026-04-03,69,73,In Progress,Medium,Plant-B,SUPV023
WO10214,MA1AB100000000214,SUV Pro,2026-04-04,80,84,Delayed,Medium,Plant-C,SUPV011
WO10215,MA1AB100000000215,Hatch Z,2026-04-05,101,94,Delayed,High,Plant-B,SUPV006
WO10216,MA1AB100000000216,EV Prime,2026-04-06,197,195,In Progress,High,Plant-B,SUPV002
WO10217,MA1AB100000000217,Sedan X,2026-04-07,110,97,Completed,High,Plant-B,SUPV015
WO10218,MA1AB100000000218,Sedan X,2026-04-08,85,89,Planned,Low,Plant-B,SUPV010
WO10219,MA1AB100000000219,Hatch Z,2026-04-09,195,181,Completed,Medium,Plant-B,SUPV006
WO10220,MA1AB100000000220,Hatch Z,2026-04-10,72,80,Planned,Medium,Plant-C,SUPV017
WO10221,MA1AB100000000221,Hatch Z,2026-04-11,169,175,Delayed,High,Plant-B,SUPV004
WO10222,MA1AB100000000222,Hatch Z,2026-04-12,164,162,In Progress,Low,Plant-A,SUPV025
WO10223,MA1AB100000000223,Sedan X,2026-04-13,61,51,Completed,Low,Plant-B,SUPV016
WO10224,MA1AB100000000224,Sedan X,2026-04-14,113,104,Completed,Low,Plant-C,SUPV007
WO10225,MA1AB100000000225,Hatch Z,2026-04-15,181,167,Completed,High,Plant-B,SUPV004
WO10226,MA1AB100000000226,SUV Pro,2026-04-16,79,71,In Progress,Low,Plant-A,SUPV013
WO10227,MA1AB100000000227,Sedan X,2026-04-17,132,125,Completed,Low,Plant-A,SUPV017
WO10228,MA1AB100000000228,Hatch Z,2026-04-18,52,57,Completed,Low,Plant-B,SUPV019
WO10229,MA1AB100000000229,Hatch Z,2026-04-19,199,195,In Progress,Medium,Plant-A,SUPV022
WO10230,MA1AB100000000230,Hatch Z,2026-04-20,136,133,In Progress,High,Plant-B,SUPV017
WO10231,MA1AB100000000231,SUV Pro,2026-04-21,57,56,Completed,Medium,Plant-A,SUPV003
WO10232,MA1AB100000000232,EV Prime,2026-04-22,68,70,In Progress,Low,Plant-A,SUPV006
WO10233,MA1AB100000000233,SUV Pro,2026-04-23,165,152,Completed,Low,Plant-B,SUPV007
WO10234,MA1AB100000000234,Sedan X,2026-04-24,177,184,Delayed,High,Plant-A,SUPV001
WO10235,MA1AB100000000235,SUV Pro,2026-04-25,132,134,Delayed,High,Plant-A,SUPV018
WO10236,MA1AB100000000236,SUV Pro,2026-04-26,150,146,Planned,High,Plant-A,SUPV013
WO10237,MA1AB100000000237,EV Prime,2026-04-27,115,118,Delayed,Medium,Plant-B,SUPV002
WO10238,MA1AB100000000238,SUV Pro,2026-04-28,92,81,Completed,Low,Plant-C,SUPV018
WO10239,MA1AB100000000239,Sedan X,2026-04-29,139,128,Planned,High,Plant-C,SUPV006
WO10240,MA1AB100000000240,Sedan X,2026-04-30,95,81,Completed,High,Plant-A,SUPV017
WO10241,MA1AB100000000241,Hatch Z,2026-05-01,84,69,Completed,Medium,Plant-B,SUPV024
WO10242,MA1AB100000000242,EV Prime,2026-05-02,86,85,In Progress,Low,Plant-A,SUPV017
WO10243,MA1AB100000000243,SUV Pro,2026-05-03,159,144,In Progress,Medium,Plant-A,SUPV014
WO10244,MA1AB100000000244,Sedan X,2026-05-04,144,129,Delayed,High,Plant-B,SUPV006
WO10245,MA1AB100000000245,Hatch Z,2026-05-05,121,122,Delayed,High,Plant-B,SUPV004
WO10246,MA1AB100000000246,SUV Pro,2026-05-06,199,195,In Progress,Low,Plant-B,SUPV015
WO10247,MA1AB100000000247,Hatch Z,2026-05-07,97,89,Planned,Low,Plant-A,SUPV013
WO10248,MA1AB100000000248,Sedan X,2026-05-08,62,58,Delayed,High,Plant-A,SUPV009
WO10249,MA1AB100000000249,SUV Pro,2026-05-09,137,143,Completed,High,Plant-B,SUPV008
WO10250,MA1AB100000000250,SUV Pro,2026-05-10,104,95,Completed,High,Plant-B,SUPV002
WO10251,MA1AB100000000251,EV Prime,2026-05-11,79,68,Completed,Medium,Plant-B,SUPV016
WO10252,MA1AB100000000252,EV Prime,2026-05-12,168,178,In Progress,High,Plant-B,SUPV019
WO10253,MA1AB100000000253,EV Prime,2026-05-13,179,181,Completed,Medium,Plant-B,SUPV006
WO10254,MA1AB100000000254,SUV Pro,2026-05-14,183,188,Delayed,Medium,Plant-C,SUPV002
WO10255,MA1AB100000000255,SUV Pro,2026-05-15,139,133,Delayed,High,Plant-A,SUPV003
WO10256,MA1AB100000000256,EV Prime,2026-05-16,177,183,In Progress,Medium,Plant-A,SUPV011
WO10257,MA1AB100000000257,Hatch Z,2026-05-17,113,104,In Progress,High,Plant-B,SUPV023
WO10258,MA1AB100000000258,Hatch Z,2026-05-18,60,61,Completed,Medium,Plant-C,SUPV017
WO10259,MA1AB100000000259,Sedan X,2026-05-19,167,177,In Progress,High,Plant-A,SUPV003
WO10260,MA1AB100000000260,Hatch Z,2026-05-20,114,117,Delayed,Low,Plant-C,SUPV001
WO10261,MA1AB100000000261,Hatch Z,2026-05-21,75,76,Delayed,Medium,Plant-B,SUPV009
WO10262,MA1AB100000000262,SUV Pro,2026-05-22,87,87,In Progress,Medium,Plant-B,SUPV002
WO10263,MA1AB100000000263,EV Prime,2026-05-23,161,157,Delayed,Low,Plant-C,SUPV024
WO10264,MA1AB100000000264,Hatch Z,2026-05-24,50,43,Delayed,Medium,Plant-C,SUPV024
WO10265,MA1AB100000000265,SUV Pro,2026-05-25,148,138,Delayed,Medium,Plant-C,SUPV021
WO10266,MA1AB100000000266,Hatch Z,2026-05-26,169,155,Delayed,High,Plant-C,SUPV021
WO10267,MA1AB100000000267,Hatch Z,2026-05-27,126,133,In Progress,High,Plant-C,SUPV003
WO10268,MA1AB100000000268,Hatch Z,2026-05-28,58,47,Completed,Medium,Plant-A,SUPV007
WO10269,MA1AB100000000269,SUV Pro,2026-05-29,194,188,Completed,High,Plant-C,SUPV007
WO10270,MA1AB100000000270,SUV Pro,2026-03-01,173,182,Planned,Medium,Plant-A,SUPV007
WO10271,MA1AB100000000271,Sedan X,2026-03-02,66,62,Delayed,High,Plant-C,SUPV023
WO10272,MA1AB100000000272,EV Prime,2026-03-03,193,180,In Progress,High,Plant-A,SUPV006
WO10273,MA1AB100000000273,SUV Pro,2026-03-04,67,58,In Progress,Low,Plant-C,SUPV022
WO10274,MA1AB100000000274,EV Prime,2026-03-05,105,102,Delayed,High,Plant-C,SUPV006
WO10275,MA1AB100000000275,Sedan X,2026-03-06,99,108,Completed,High,Plant-B,SUPV017
WO10276,MA1AB100000000276,EV Prime,2026-03-07,168,178,Delayed,High,Plant-B,SUPV007
WO10277,MA1AB100000000277,SUV Pro,2026-03-08,116,120,Delayed,Medium,Plant-C,SUPV020
WO10278,MA1AB100000000278,SUV Pro,2026-03-09,94,102,Completed,High,Plant-A,SUPV025
WO10279,MA1AB100000000279,SUV Pro,2026-03-10,187,189,In Progress,Low,Plant-A,SUPV021
WO10280,MA1AB100000000280,SUV Pro,2026-03-11,161,163,Planned,Low,Plant-A,SUPV008
WO10281,MA1AB100000000281,Sedan X,2026-03-12,169,167,Planned,Low,Plant-C,SUPV006
WO10282,MA1AB100000000282,Hatch Z,2026-03-13,148,142,Completed,Medium,Plant-B,SUPV003
WO10283,MA1AB100000000283,Hatch Z,2026-03-14,126,120,Delayed,Low,Plant-C,SUPV004
WO10284,MA1AB100000000284,Hatch Z,2026-03-15,131,141,Completed,Medium,Plant-A,SUPV002
WO10285,MA1AB100000000285,EV Prime,2026-03-16,51,36,Delayed,Low,Plant-C,SUPV010
WO10286,MA1AB100000000286,SUV Pro,2026-03-17,159,154,Planned,Low,Plant-A,SUPV012
WO10287,MA1AB100000000287,EV Prime,2026-03-18,104,97,Completed,Low,Plant-B,SUPV024
WO10288,MA1AB100000000288,SUV Pro,2026-03-19,130,121,In Progress,High,Plant-A,SUPV007
WO10289,MA1AB100000000289,Hatch Z,2026-03-20,172,168,In Progress,Medium,Plant-C,SUPV011
WO10290,MA1AB100000000290,Sedan X,2026-03-21,200,197,Planned,Medium,Plant-C,SUPV001
WO10291,MA1AB100000000291,EV Prime,2026-03-22,56,47,In Progress,Low,Plant-C,SUPV022
WO10292,MA1AB100000000292,Sedan X,2026-03-23,173,161,In Progress,Low,Plant-A,SUPV007
WO10293,MA1AB100000000293,EV Prime,2026-03-24,69,67,In Progress,High,Plant-C,SUPV005
WO10294,MA1AB100000000294,EV Prime,2026-03-25,171,173,Planned,High,Plant-B,SUPV003
WO10295,MA1AB100000000295,EV Prime,2026-03-26,160,166,Completed,Low,Plant-A,SUPV005
WO10296,MA1AB100000000296,Hatch Z,2026-03-27,105,101,Completed,High,Plant-A,SUPV018
WO10297,MA1AB100000000297,Hatch Z,2026-03-28,70,62,Completed,Medium,Plant-C,SUPV021
WO10298,MA1AB100000000298,EV Prime,2026-03-29,92,97,Delayed,High,Plant-A,SUPV023
WO10299,MA1AB100000000299,SUV Pro,2026-03-30,191,177,Delayed,Low,Plant-B,SUPV020
WO10300,MA1AB100000000300,EV Prime,2026-03-31,154,153,Delayed,Low,Plant-A,SUPV017
WO10301,MA1AB100000000301,EV Prime,2026-04-01,118,108,Planned,High,Plant-C,SUPV025
WO10302,MA1AB100000000302,SUV Pro,2026-04-02,130,127,In Progress,Medium,Plant-C,SUPV002
WO10303,MA1AB100000000303,SUV Pro,2026-04-03,88,75,Completed,Medium,Plant-C,SUPV014
WO10304,MA1AB100000000304,Sedan X,2026-04-04,122,129,Delayed,Medium,Plant-C,SUPV001
WO10305,MA1AB100000000305,Sedan X,2026-04-05,191,177,Planned,Low,Plant-A,SUPV002
WO10306,MA1AB100000000306,Sedan X,2026-04-06,76,78,In Progress,High,Plant-C,SUPV005
WO10307,MA1AB100000000307,EV Prime,2026-04-07,127,128,Planned,High,Plant-C,SUPV020
WO10308,MA1AB100000000308,Hatch Z,2026-04-08,189,193,Delayed,High,Plant-A,SUPV007
WO10309,MA1AB100000000309,Sedan X,2026-04-09,135,142,Delayed,High,Plant-A,SUPV015
WO10310,MA1AB100000000310,Sedan X,2026-04-10,163,148,Delayed,Medium,Plant-A,SUPV024
WO10311,MA1AB100000000311,EV Prime,2026-04-11,80,83,Completed,Medium,Plant-B,SUPV024
WO10312,MA1AB100000000312,EV Prime,2026-04-12,90,84,Delayed,Low,Plant-A,SUPV010
WO10313,MA1AB100000000313,EV Prime,2026-04-13,166,161,Completed,Medium,Plant-C,SUPV025
WO10314,MA1AB100000000314,Sedan X,2026-04-14,134,133,In Progress,Low,Plant-A,SUPV020
WO10315,MA1AB100000000315,Sedan X,2026-04-15,141,133,Completed,High,Plant-C,SUPV016
WO10316,MA1AB100000000316,Hatch Z,2026-04-16,133,121,Planned,Medium,Plant-A,SUPV025
WO10317,MA1AB100000000317,SUV Pro,2026-04-17,184,177,In Progress,Low,Plant-C,SUPV002
WO10318,MA1AB100000000318,SUV Pro,2026-04-18,64,58,Delayed,Low,Plant-B,SUPV004
WO10319,MA1AB100000000319,SUV Pro,2026-04-19,177,175,Delayed,High,Plant-B,SUPV021
WO10320,MA1AB100000000320,SUV Pro,2026-04-20,150,149,Completed,Medium,Plant-A,SUPV019
WO10321,MA1AB100000000321,Hatch Z,2026-04-21,198,204,In Progress,High,Plant-B,SUPV011
WO10322,MA1AB100000000322,EV Prime,2026-04-22,56,56,Completed,Low,Plant-B,SUPV020
WO10323,MA1AB100000000323,Sedan X,2026-04-23,95,101,Planned,Medium,Plant-C,SUPV018
WO10324,MA1AB100000000324,Sedan X,2026-04-24,192,188,In Progress,Low,Plant-B,SUPV017
WO10325,MA1AB100000000325,SUV Pro,2026-04-25,188,197,In Progress,Low,Plant-B,SUPV018
WO10326,MA1AB100000000326,EV Prime,2026-04-26,172,177,Completed,Medium,Plant-B,SUPV013
WO10327,MA1AB100000000327,SUV Pro,2026-04-27,93,83,Delayed,Medium,Plant-C,SUPV020
WO10328,MA1AB100000000328,Hatch Z,2026-04-28,115,113,Delayed,Medium,Plant-A,SUPV013
WO10329,MA1AB100000000329,Sedan X,2026-04-29,63,67,Delayed,Low,Plant-B,SUPV011
WO10330,MA1AB100000000330,EV Prime,2026-04-30,59,52,Delayed,High,Plant-B,SUPV008
WO10331,MA1AB100000000331,Sedan X,2026-05-01,144,129,Completed,High,Plant-C,SUPV020
WO10332,MA1AB100000000332,EV Prime,2026-05-02,79,86,Delayed,Medium,Plant-B,SUPV013
WO10333,MA1AB100000000333,Hatch Z,2026-05-03,143,129,Delayed,High,Plant-C,SUPV017
WO10334,MA1AB100000000334,Sedan X,2026-05-04,91,89,Completed,Medium,Plant-B,SUPV023
WO10335,MA1AB100000000335,EV Prime,2026-05-05,65,72,In Progress,Low,Plant-A,SUPV010
WO10336,MA1AB100000000336,Sedan X,2026-05-06,193,202,Delayed,Medium,Plant-C,SUPV017
WO10337,MA1AB100000000337,SUV Pro,2026-05-07,147,143,Delayed,High,Plant-B,SUPV016
WO10338,MA1AB100000000338,EV Prime,2026-05-08,137,129,Completed,Low,Plant-C,SUPV013
WO10339,MA1AB100000000339,Hatch Z,2026-05-09,147,135,Planned,Low,Plant-A,SUPV008
WO10340,MA1AB100000000340,Sedan X,2026-05-10,120,106,Delayed,Medium,Plant-B,SUPV024
WO10341,MA1AB100000000341,Sedan X,2026-05-11,111,109,Completed,Medium,Plant-B,SUPV011
WO10342,MA1AB100000000342,Hatch Z,2026-05-12,90,86,Completed,Medium,Plant-A,SUPV011
WO10343,MA1AB100000000343,Sedan X,2026-05-13,116,114,In Progress,Medium,Plant-C,SUPV018
WO10344,MA1AB100000000344,SUV Pro,2026-05-14,65,69,Delayed,High,Plant-B,SUPV016
WO10345,MA1AB100000000345,Sedan X,2026-05-15,78,64,In Progress,Medium,Plant-C,SUPV006
WO10346,MA1AB100000000346,EV Prime,2026-05-16,170,171,Planned,High,Plant-B,SUPV024
WO10347,MA1AB100000000347,SUV Pro,2026-05-17,130,128,In Progress,Medium,Plant-B,SUPV004
WO10348,MA1AB100000000348,Sedan X,2026-05-18,88,88,In Progress,Low,Plant-B,SUPV016
WO10349,MA1AB100000000349,SUV Pro,2026-05-19,185,183,Completed,Medium,Plant-A,SUPV013
WO10350,MA1AB100000000350,SUV Pro,2026-05-20,146,140,Planned,Medium,Plant-B,SUPV003
WO10351,MA1AB100000000351,Hatch Z,2026-05-21,96,105,Delayed,High,Plant-A,SUPV023
WO10352,MA1AB100000000352,SUV Pro,2026-05-22,82,81,In Progress,Low,Plant-B,SUPV014
WO10353,MA1AB100000000353,Hatch Z,2026-05-23,118,106,Completed,Low,Plant-B,SUPV016
WO10354,MA1AB100000000354,SUV Pro,2026-05-24,65,50,Planned,Medium,Plant-A,SUPV004
WO10355,MA1AB100000000355,SUV Pro,2026-05-25,187,185,Delayed,Medium,Plant-B,SUPV024
WO10356,MA1AB100000000356,EV Prime,2026-05-26,131,129,Delayed,High,Plant-C,SUPV016
WO10357,MA1AB100000000357,Hatch Z,2026-05-27,191,183,Planned,High,Plant-C,SUPV013
WO10358,MA1AB100000000358,Sedan X,2026-05-28,64,69,Planned,High,Plant-C,SUPV002
WO10359,MA1AB100000000359,SUV Pro,2026-05-29,196,195,Completed,Medium,Plant-B,SUPV024
WO10360,MA1AB100000000360,Sedan X,2026-03-01,164,160,Delayed,Medium,Plant-C,SUPV009
WO10361,MA1AB100000000361,Hatch Z,2026-03-02,81,88,Planned,Medium,Plant-C,SUPV017
WO10362,MA1AB100000000362,Hatch Z,2026-03-03,185,191,Delayed,High,Plant-C,SUPV007
WO10363,MA1AB100000000363,SUV Pro,2026-03-04,163,150,In Progress,Low,Plant-C,SUPV009
WO10364,MA1AB100000000364,EV Prime,2026-03-05,95,104,Delayed,High,Plant-B,SUPV011
WO10365,MA1AB100000000365,SUV Pro,2026-03-06,119,123,Delayed,Medium,Plant-A,SUPV002
WO10366,MA1AB100000000366,Hatch Z,2026-03-07,182,167,In Progress,Medium,Plant-A,SUPV016
WO10367,MA1AB100000000367,SUV Pro,2026-03-08,124,125,Delayed,Low,Plant-C,SUPV012
WO10368,MA1AB100000000368,SUV Pro,2026-03-09,177,182,Planned,Low,Plant-C,SUPV008
WO10369,MA1AB100000000369,Sedan X,2026-03-10,156,157,In Progress,Medium,Plant-C,SUPV001
WO10370,MA1AB100000000370,Hatch Z,2026-03-11,62,63,Planned,High,Plant-C,SUPV002
WO10371,MA1AB100000000371,EV Prime,2026-03-12,165,160,Completed,High,Plant-A,SUPV008
WO10372,MA1AB100000000372,Sedan X,2026-03-13,84,70,In Progress,Medium,Plant-C,SUPV005
WO10373,MA1AB100000000373,Sedan X,2026-03-14,83,75,Completed,Medium,Plant-B,SUPV014
WO10374,MA1AB100000000374,SUV Pro,2026-03-15,153,150,In Progress,Medium,Plant-B,SUPV009
WO10375,MA1AB100000000375,EV Prime,2026-03-16,195,184,In Progress,Low,Plant-C,SUPV016
WO10376,MA1AB100000000376,SUV Pro,2026-03-17,109,119,Delayed,Low,Plant-A,SUPV005
WO10377,MA1AB100000000377,Sedan X,2026-03-18,55,41,In Progress,Medium,Plant-C,SUPV023
WO10378,MA1AB100000000378,EV Prime,2026-03-19,95,91,Completed,High,Plant-A,SUPV014
WO10379,MA1AB100000000379,Sedan X,2026-03-20,138,128,Completed,Medium,Plant-A,SUPV023
WO10380,MA1AB100000000380,SUV Pro,2026-03-21,179,187,Planned,Low,Plant-B,SUPV018
WO10381,MA1AB100000000381,SUV Pro,2026-03-22,119,121,Completed,Low,Plant-B,SUPV009
WO10382,MA1AB100000000382,Hatch Z,2026-03-23,146,131,Planned,Low,Plant-B,SUPV014
WO10383,MA1AB100000000383,Sedan X,2026-03-24,87,80,Completed,Medium,Plant-B,SUPV016
WO10384,MA1AB100000000384,Hatch Z,2026-03-25,185,194,In Progress,Low,Plant-B,SUPV004
WO10385,MA1AB100000000385,Hatch Z,2026-03-26,80,70,Completed,Medium,Plant-C,SUPV003
WO10386,MA1AB100000000386,Sedan X,2026-03-27,80,84,Delayed,Low,Plant-B,SUPV012
WO10387,MA1AB100000000387,SUV Pro,2026-03-28,189,178,Delayed,Low,Plant-C,SUPV025
WO10388,MA1AB100000000388,EV Prime,2026-03-29,134,124,In Progress,High,Plant-A,SUPV015
WO10389,MA1AB100000000389,Sedan X,2026-03-30,102,104,Completed,High,Plant-C,SUPV001
WO10390,MA1AB100000000390,Sedan X,2026-03-31,68,60,Delayed,Medium,Plant-C,SUPV021
WO10391,MA1AB100000000391,Hatch Z,2026-04-01,83,87,Completed,High,Plant-C,SUPV011
WO10392,MA1AB100000000392,SUV Pro,2026-04-02,159,159,Planned,Low,Plant-A,SUPV010
WO10393,MA1AB100000000393,Sedan X,2026-04-03,117,119,Planned,Medium,Plant-C,SUPV003
WO10394,MA1AB100000000394,Sedan X,2026-04-04,81,67,Completed,High,Plant-B,SUPV016
WO10395,MA1AB100000000395,Hatch Z,2026-04-05,200,205,In Progress,Medium,Plant-B,SUPV024
WO10396,MA1AB100000000396,Hatch Z,2026-04-06,111,101,Planned,High,Plant-A,SUPV001
WO10397,MA1AB100000000397,EV Prime,2026-04-07,70,63,In Progress,Medium,Plant-B,SUPV017
WO10398,MA1AB100000000398,SUV Pro,2026-04-08,161,167,Completed,Low,Plant-B,SUPV025
WO10399,MA1AB100000000399,Hatch Z,2026-04-09,160,165,Planned,Low,Plant-B,SUPV012
WO10400,MA1AB100000000400,Hatch Z,2026-04-10,95,104,Planned,Medium,Plant-C,SUPV017
WO10401,MA1AB100000000401,Sedan X,2026-04-11,105,91,Planned,High,Plant-C,SUPV010
WO10402,MA1AB100000000402,Hatch Z,2026-04-12,198,204,Planned,Low,Plant-A,SUPV007
WO10403,MA1AB100000000403,SUV Pro,2026-04-13,185,184,In Progress,Medium,Plant-B,SUPV021
WO10404,MA1AB100000000404,Hatch Z,2026-04-14,141,137,Delayed,Medium,Plant-B,SUPV009
WO10405,MA1AB100000000405,SUV Pro,2026-04-15,197,203,Completed,High,Plant-C,SUPV019
WO10406,MA1AB100000000406,Sedan X,2026-04-16,182,191,Completed,High,Plant-C,SUPV017
WO10407,MA1AB100000000407,Sedan X,2026-04-17,132,142,Delayed,Low,Plant-C,SUPV003
WO10408,MA1AB100000000408,Sedan X,2026-04-18,52,55,Completed,High,Plant-C,SUPV024
WO10409,MA1AB100000000409,Sedan X,2026-04-19,102,94,Planned,Medium,Plant-A,SUPV017
WO10410,MA1AB100000000410,Hatch Z,2026-04-20,182,188,In Progress,Medium,Plant-B,SUPV003
WO10411,MA1AB100000000411,Hatch Z,2026-04-21,150,148,Planned,High,Plant-A,SUPV007
WO10412,MA1AB100000000412,SUV Pro,2026-04-22,191,195,Delayed,Medium,Plant-C,SUPV012
WO10413,MA1AB100000000413,Sedan X,2026-04-23,132,130,Completed,High,Plant-B,SUPV020
WO10414,MA1AB100000000414,Sedan X,2026-04-24,58,44,Delayed,Medium,Plant-B,SUPV014
WO10415,MA1AB100000000415,EV Prime,2026-04-25,151,161,Completed,Low,Plant-C,SUPV024
WO10416,MA1AB100000000416,SUV Pro,2026-04-26,122,126,Completed,High,Plant-A,SUPV024
WO10417,MA1AB100000000417,Hatch Z,2026-04-27,150,157,Delayed,Medium,Plant-B,SUPV015
WO10418,MA1AB100000000418,SUV Pro,2026-04-28,131,134,Completed,High,Plant-B,SUPV002
WO10419,MA1AB100000000419,Sedan X,2026-04-29,178,171,Planned,Low,Plant-C,SUPV013
WO10420,MA1AB100000000420,EV Prime,2026-04-30,193,193,Completed,Medium,Plant-B,SUPV012
WO10421,MA1AB100000000421,Sedan X,2026-05-01,190,192,Completed,Medium,Plant-B,SUPV004
WO10422,MA1AB100000000422,EV Prime,2026-05-02,193,202,In Progress,Low,Plant-B,SUPV005
WO10423,MA1AB100000000423,Sedan X,2026-05-03,192,188,Completed,Medium,Plant-B,SUPV006
WO10424,MA1AB100000000424,EV Prime,2026-05-04,198,187,Planned,High,Plant-C,SUPV024
WO10425,MA1AB100000000425,Hatch Z,2026-05-05,150,154,Completed,High,Plant-B,SUPV002
WO10426,MA1AB100000000426,SUV Pro,2026-05-06,121,109,Planned,Medium,Plant-B,SUPV015
WO10427,MA1AB100000000427,Sedan X,2026-05-07,102,101,Delayed,Medium,Plant-A,SUPV009
WO10428,MA1AB100000000428,Hatch Z,2026-05-08,108,103,In Progress,Low,Plant-B,SUPV017
WO10429,MA1AB100000000429,Hatch Z,2026-05-09,158,161,Completed,Low,Plant-B,SUPV017
WO10430,MA1AB100000000430,EV Prime,2026-05-10,200,186,Delayed,Medium,Plant-A,SUPV021
WO10431,MA1AB100000000431,SUV Pro,2026-05-11,164,154,Completed,High,Plant-C,SUPV017
WO10432,MA1AB100000000432,Hatch Z,2026-05-12,138,134,In Progress,High,Plant-A,SUPV011
WO10433,MA1AB100000000433,EV Prime,2026-05-13,85,88,In Progress,Medium,Plant-B,SUPV018
WO10434,MA1AB100000000434,Hatch Z,2026-05-14,174,166,Planned,High,Plant-B,SUPV004
WO10435,MA1AB100000000435,SUV Pro,2026-05-15,163,156,Completed,Medium,Plant-C,SUPV024
WO10436,MA1AB100000000436,Hatch Z,2026-05-16,75,73,In Progress,High,Plant-A,SUPV005
WO10437,MA1AB100000000437,SUV Pro,2026-05-17,90,98,Planned,Low,Plant-A,SUPV011
WO10438,MA1AB100000000438,Sedan X,2026-05-18,197,206,In Progress,High,Plant-B,SUPV001
WO10439,MA1AB100000000439,Sedan X,2026-05-19,63,59,Completed,Medium,Plant-A,SUPV006
WO10440,MA1AB100000000440,SUV Pro,2026-05-20,167,158,Completed,Medium,Plant-B,SUPV025
WO10441,MA1AB100000000441,Sedan X,2026-05-21,81,90,Planned,Medium,Plant-A,SUPV006
WO10442,MA1AB100000000442,Sedan X,2026-05-22,124,114,Completed,High,Plant-C,SUPV016
WO10443,MA1AB100000000443,EV Prime,2026-05-23,163,155,Completed,Low,Plant-C,SUPV024
WO10444,MA1AB100000000444,Sedan X,2026-05-24,132,126,Planned,Medium,Plant-B,SUPV007
WO10445,MA1AB100000000445,SUV Pro,2026-05-25,197,187,Planned,Medium,Plant-B,SUPV006
WO10446,MA1AB100000000446,Sedan X,2026-05-26,75,62,Delayed,Medium,Plant-A,SUPV017
WO10447,MA1AB100000000447,SUV Pro,2026-05-27,121,124,Delayed,High,Plant-B,SUPV003
WO10448,MA1AB100000000448,Sedan X,2026-05-28,112,105,Completed,Medium,Plant-C,SUPV010
WO10449,MA1AB100000000449,Sedan X,2026-05-29,168,169,Delayed,High,Plant-A,SUPV001
WO10450,MA1AB100000000450,Sedan X,2026-03-01,174,172,Planned,High,Plant-B,SUPV023
WO10451,MA1AB100000000451,Sedan X,2026-03-02,193,187,Completed,Medium,Plant-A,SUPV009
WO10452,MA1AB100000000452,Hatch Z,2026-03-03,81,69,Delayed,High,Plant-C,SUPV006
WO10453,MA1AB100000000453,Sedan X,2026-03-04,91,90,Planned,Low,Plant-B,SUPV022
WO10454,MA1AB100000000454,Sedan X,2026-03-05,148,134,Delayed,Medium,Plant-C,SUPV016
WO10455,MA1AB100000000455,Sedan X,2026-03-06,131,136,Completed,Medium,Plant-A,SUPV020
WO10456,MA1AB100000000456,Hatch Z,2026-03-07,72,67,In Progress,Low,Plant-B,SUPV001
WO10457,MA1AB100000000457,EV Prime,2026-03-08,154,160,Delayed,Medium,Plant-C,SUPV014
WO10458,MA1AB100000000458,EV Prime,2026-03-09,177,168,Planned,Low,Plant-B,SUPV021
WO10459,MA1AB100000000459,EV Prime,2026-03-10,104,89,Delayed,Low,Plant-B,SUPV009
WO10460,MA1AB100000000460,Sedan X,2026-03-11,140,130,Completed,High,Plant-B,SUPV014
WO10461,MA1AB100000000461,Sedan X,2026-03-12,65,65,Delayed,High,Plant-A,SUPV023
WO10462,MA1AB100000000462,Sedan X,2026-03-13,90,81,In Progress,Low,Plant-B,SUPV004
WO10463,MA1AB100000000463,SUV Pro,2026-03-14,136,121,In Progress,Low,Plant-B,SUPV006
WO10464,MA1AB100000000464,Hatch Z,2026-03-15,172,162,Planned,High,Plant-A,SUPV024
WO10465,MA1AB100000000465,SUV Pro,2026-03-16,190,180,In Progress,High,Plant-C,SUPV016
WO10466,MA1AB100000000466,EV Prime,2026-03-17,87,95,In Progress,Low,Plant-A,SUPV018
WO10467,MA1AB100000000467,SUV Pro,2026-03-18,82,83,Completed,High,Plant-A,SUPV007
WO10468,MA1AB100000000468,EV Prime,2026-03-19,185,181,Planned,High,Plant-B,SUPV010
WO10469,MA1AB100000000469,EV Prime,2026-03-20,63,50,Completed,High,Plant-B,SUPV018
WO10470,MA1AB100000000470,SUV Pro,2026-03-21,102,93,Completed,Low,Plant-C,SUPV019
WO10471,MA1AB100000000471,Hatch Z,2026-03-22,81,85,In Progress,Medium,Plant-B,SUPV020
WO10472,MA1AB100000000472,Sedan X,2026-03-23,69,76,Completed,Medium,Plant-C,SUPV001
WO10473,MA1AB100000000473,SUV Pro,2026-03-24,84,82,Planned,Medium,Plant-B,SUPV004
WO10474,MA1AB100000000474,Hatch Z,2026-03-25,180,184,In Progress,Low,Plant-B,SUPV024
WO10475,MA1AB100000000475,SUV Pro,2026-03-26,54,58,Completed,Low,Plant-C,SUPV014
WO10476,MA1AB100000000476,Sedan X,2026-03-27,199,189,In Progress,High,Plant-B,SUPV005
WO10477,MA1AB100000000477,Sedan X,2026-03-28,170,175,Planned,Low,Plant-C,SUPV002
WO10478,MA1AB100000000478,Hatch Z,2026-03-29,75,74,Planned,Medium,Plant-C,SUPV019
WO10479,MA1AB100000000479,Sedan X,2026-03-30,109,117,Delayed,High,Plant-B,SUPV005
WO10480,MA1AB100000000480,Hatch Z,2026-03-31,193,198,Delayed,High,Plant-B,SUPV014
WO10481,MA1AB100000000481,EV Prime,2026-04-01,102,92,In Progress,Medium,Plant-C,SUPV021
WO10482,MA1AB100000000482,EV Prime,2026-04-02,159,151,In Progress,Low,Plant-C,SUPV002
WO10483,MA1AB100000000483,Hatch Z,2026-04-03,167,158,Completed,High,Plant-B,SUPV003
WO10484,MA1AB100000000484,SUV Pro,2026-04-04,118,106,Completed,Low,Plant-B,SUPV007
WO10485,MA1AB100000000485,SUV Pro,2026-04-05,136,128,Planned,Low,Plant-C,SUPV007
WO10486,MA1AB100000000486,Hatch Z,2026-04-06,197,186,Completed,High,Plant-A,SUPV019
WO10487,MA1AB100000000487,Hatch Z,2026-04-07,134,134,Planned,Medium,Plant-B,SUPV018
WO10488,MA1AB100000000488,Hatch Z,2026-04-08,189,181,Planned,Low,Plant-B,SUPV017
WO10489,MA1AB100000000489,EV Prime,2026-04-09,93,81,Planned,High,Plant-C,SUPV017
WO10490,MA1AB100000000490,Sedan X,2026-04-10,134,135,Completed,Low,Plant-B,SUPV016
WO10491,MA1AB100000000491,EV Prime,2026-04-11,71,80,Completed,Low,Plant-A,SUPV011
WO10492,MA1AB100000000492,EV Prime,2026-04-12,96,101,Planned,Low,Plant-C,SUPV021
WO10493,MA1AB100000000493,SUV Pro,2026-04-13,70,69,Delayed,Low,Plant-C,SUPV018
WO10494,MA1AB100000000494,EV Prime,2026-04-14,140,145,Planned,Medium,Plant-B,SUPV006
WO10495,MA1AB100000000495,Hatch Z,2026-04-15,99,97,In Progress,High,Plant-C,SUPV002
WO10496,MA1AB100000000496,SUV Pro,2026-04-16,66,64,Completed,Medium,Plant-B,SUPV011
WO10497,MA1AB100000000497,Hatch Z,2026-04-17,120,113,Delayed,High,Plant-B,SUPV007
WO10498,MA1AB100000000498,SUV Pro,2026-04-18,168,161,Completed,Medium,Plant-A,SUPV002
WO10499,MA1AB100000000499,EV Prime,2026-04-19,146,133,Delayed,High,Plant-C,SUPV002
WO10500,MA1AB100000000500,SUV Pro,2026-04-20,127,115,Planned,Medium,Plant-A,SUPV008
WO10501,MA1AB100000000501,SUV Pro,2026-04-21,102,103,Planned,High,Plant-A,SUPV003
WO10502,MA1AB100000000502,Hatch Z,2026-04-22,66,62,Completed,Medium,Plant-C,SUPV023
WO10503,MA1AB100000000503,EV Prime,2026-04-23,90,92,Delayed,Medium,Plant-C,SUPV015
WO10504,MA1AB100000000504,Hatch Z,2026-04-24,53,49,Delayed,Low,Plant-A,SUPV011
WO10505,MA1AB100000000505,Hatch Z,2026-04-25,175,168,Delayed,Low,Plant-C,SUPV023
WO10506,MA1AB100000000506,Hatch Z,2026-04-26,154,160,Planned,Medium,Plant-B,SUPV013
WO10507,MA1AB100000000507,Sedan X,2026-04-27,194,200,Delayed,Low,Plant-C,SUPV016
WO10508,MA1AB100000000508,Hatch Z,2026-04-28,67,61,In Progress,Low,Plant-A,SUPV010
WO10509,MA1AB100000000509,Sedan X,2026-04-29,150,158,Planned,High,Plant-B,SUPV023
WO10510,MA1AB100000000510,SUV Pro,2026-04-30,135,130,In Progress,Low,Plant-A,SUPV002
WO10511,MA1AB100000000511,Sedan X,2026-05-01,77,81,Delayed,Low,Plant-A,SUPV003
WO10512,MA1AB100000000512,Sedan X,2026-05-02,58,67,Delayed,High,Plant-A,SUPV009
WO10513,MA1AB100000000513,Hatch Z,2026-05-03,113,112,In Progress,High,Plant-C,SUPV021
WO10514,MA1AB100000000514,SUV Pro,2026-05-04,106,103,Planned,Low,Plant-B,SUPV014
WO10515,MA1AB100000000515,SUV Pro,2026-05-05,150,140,In Progress,Low,Plant-B,SUPV004
WO10516,MA1AB100000000516,EV Prime,2026-05-06,119,123,Planned,High,Plant-C,SUPV004
WO10517,MA1AB100000000517,EV Prime,2026-05-07,110,112,Planned,High,Plant-B,SUPV019
WO10518,MA1AB100000000518,Hatch Z,2026-05-08,64,68,Delayed,High,Plant-A,SUPV012
WO10519,MA1AB100000000519,EV Prime,2026-05-09,70,64,Planned,High,Plant-C,SUPV022
WO10520,MA1AB100000000520,EV Prime,2026-05-10,180,190,Planned,High,Plant-C,SUPV019
WO10521,MA1AB100000000521,Hatch Z,2026-05-11,157,148,Delayed,Medium,Plant-A,SUPV002
WO10522,MA1AB100000000522,Sedan X,2026-05-12,114,112,Completed,High,Plant-C,SUPV007
WO10523,MA1AB100000000523,EV Prime,2026-05-13,70,64,Delayed,Medium,Plant-B,SUPV024
WO10524,MA1AB100000000524,EV Prime,2026-05-14,109,118,Completed,High,Plant-A,SUPV012
WO10525,MA1AB100000000525,Sedan X,2026-05-15,120,126,Completed,Medium,Plant-C,SUPV021
WO10526,MA1AB100000000526,SUV Pro,2026-05-16,142,151,Planned,Low,Plant-B,SUPV017
WO10527,MA1AB100000000527,Hatch Z,2026-05-17,167,169,Completed,Medium,Plant-C,SUPV019
WO10528,MA1AB100000000528,Hatch Z,2026-05-18,195,187,In Progress,Medium,Plant-B,SUPV014
WO10529,MA1AB100000000529,SUV Pro,2026-05-19,151,154,In Progress,High,Plant-A,SUPV009
WO10530,MA1AB100000000530,SUV Pro,2026-05-20,126,118,Completed,Medium,Plant-C,SUPV018
WO10531,MA1AB100000000531,EV Prime,2026-05-21,191,187,In Progress,High,Plant-A,SUPV010
WO10532,MA1AB100000000532,Sedan X,2026-05-22,181,175,In Progress,Medium,Plant-A,SUPV020
WO10533,MA1AB100000000533,EV Prime,2026-05-23,69,63,Delayed,High,Plant-A,SUPV025
WO10534,MA1AB100000000534,Sedan X,2026-05-24,100,89,Planned,High,Plant-C,SUPV020
WO10535,MA1AB100000000535,SUV Pro,2026-05-25,134,126,Completed,High,Plant-A,SUPV019
WO10536,MA1AB100000000536,Hatch Z,2026-05-26,159,165,Completed,Low,Plant-B,SUPV025
WO10537,MA1AB100000000537,EV Prime,2026-05-27,162,166,Delayed,Medium,Plant-C,SUPV009
WO10538,MA1AB100000000538,SUV Pro,2026-05-28,195,185,In Progress,Low,Plant-B,SUPV020
WO10539,MA1AB100000000539,SUV Pro,2026-05-29,178,167,Completed,High,Plant-C,SUPV006
WO10540,MA1AB100000000540,Sedan X,2026-03-01,81,83,Planned,Medium,Plant-B,SUPV011
WO10541,MA1AB100000000541,EV Prime,2026-03-02,148,137,Planned,Medium,Plant-B,SUPV013
WO10542,MA1AB100000000542,Sedan X,2026-03-03,179,188,Delayed,Medium,Plant-B,SUPV002
WO10543,MA1AB100000000543,Sedan X,2026-03-04,107,101,Delayed,Low,Plant-A,SUPV022
WO10544,MA1AB100000000544,Sedan X,2026-03-05,149,141,Planned,High,Plant-C,SUPV010
WO10545,MA1AB100000000545,EV Prime,2026-03-06,196,203,In Progress,High,Plant-A,SUPV015
WO10546,MA1AB100000000546,SUV Pro,2026-03-07,127,134,Delayed,High,Plant-C,SUPV001
WO10547,MA1AB100000000547,Hatch Z,2026-03-08,98,101,In Progress,High,Plant-B,SUPV005
WO10548,MA1AB100000000548,EV Prime,2026-03-09,122,130,Planned,Low,Plant-A,SUPV020
WO10549,MA1AB100000000549,EV Prime,2026-03-10,104,107,In Progress,High,Plant-B,SUPV015
WO10550,MA1AB100000000550,SUV Pro,2026-03-11,55,56,Delayed,High,Plant-B,SUPV015
WO10551,MA1AB100000000551,SUV Pro,2026-03-12,112,102,Delayed,Medium,Plant-C,SUPV005
WO10552,MA1AB100000000552,EV Prime,2026-03-13,93,101,In Progress,High,Plant-B,SUPV008
WO10553,MA1AB100000000553,SUV Pro,2026-03-14,131,139,Completed,Medium,Plant-A,SUPV024
WO10554,MA1AB100000000554,EV Prime,2026-03-15,113,112,In Progress,High,Plant-A,SUPV013
WO10555,MA1AB100000000555,EV Prime,2026-03-16,153,152,In Progress,Medium,Plant-A,SUPV017
WO10556,MA1AB100000000556,EV Prime,2026-03-17,147,153,Completed,Medium,Plant-A,SUPV005
WO10557,MA1AB100000000557,SUV Pro,2026-03-18,190,181,In Progress,High,Plant-B,SUPV004
WO10558,MA1AB100000000558,Hatch Z,2026-03-19,100,100,Planned,Medium,Plant-A,SUPV004
WO10559,MA1AB100000000559,SUV Pro,2026-03-20,154,162,Completed,Medium,Plant-B,SUPV013
WO10560,MA1AB100000000560,EV Prime,2026-03-21,198,199,In Progress,Low,Plant-B,SUPV004
WO10561,MA1AB100000000561,SUV Pro,2026-03-22,190,182,Delayed,Medium,Plant-A,SUPV021
WO10562,MA1AB100000000562,Hatch Z,2026-03-23,114,109,Delayed,Low,Plant-B,SUPV008
WO10563,MA1AB100000000563,Sedan X,2026-03-24,67,57,Planned,Medium,Plant-A,SUPV024
WO10564,MA1AB100000000564,SUV Pro,2026-03-25,123,132,Delayed,Low,Plant-A,SUPV019
WO10565,MA1AB100000000565,Hatch Z,2026-03-26,191,187,Completed,High,Plant-B,SUPV021
WO10566,MA1AB100000000566,Sedan X,2026-03-27,138,148,Delayed,Medium,Plant-B,SUPV012
WO10567,MA1AB100000000567,SUV Pro,2026-03-28,136,131,Completed,Low,Plant-A,SUPV017
WO10568,MA1AB100000000568,EV Prime,2026-03-29,196,197,Completed,Medium,Plant-A,SUPV011
WO10569,MA1AB100000000569,Sedan X,2026-03-30,91,79,In Progress,Medium,Plant-B,SUPV003
WO10570,MA1AB100000000570,Sedan X,2026-03-31,65,63,Completed,Low,Plant-A,SUPV006
WO10571,MA1AB100000000571,Sedan X,2026-04-01,170,180,Delayed,High,Plant-B,SUPV018
WO10572,MA1AB100000000572,EV Prime,2026-04-02,117,126,Planned,Low,Plant-A,SUPV017
WO10573,MA1AB100000000573,Hatch Z,2026-04-03,95,87,In Progress,High,Plant-C,SUPV022
WO10574,MA1AB100000000574,SUV Pro,2026-04-04,181,175,Completed,Low,Plant-C,SUPV021
WO10575,MA1AB100000000575,SUV Pro,2026-04-05,199,202,Delayed,High,Plant-A,SUPV005
WO10576,MA1AB100000000576,Hatch Z,2026-04-06,162,151,Planned,Medium,Plant-A,SUPV024
WO10577,MA1AB100000000577,EV Prime,2026-04-07,170,177,Completed,Low,Plant-A,SUPV012
WO10578,MA1AB100000000578,SUV Pro,2026-04-08,134,132,Completed,High,Plant-C,SUPV013
WO10579,MA1AB100000000579,EV Prime,2026-04-09,110,103,Delayed,High,Plant-C,SUPV018
WO10580,MA1AB100000000580,EV Prime,2026-04-10,94,84,Delayed,Medium,Plant-A,SUPV006
WO10581,MA1AB100000000581,SUV Pro,2026-04-11,162,157,Planned,Low,Plant-B,SUPV001
WO10582,MA1AB100000000582,SUV Pro,2026-04-12,135,127,Planned,Medium,Plant-B,SUPV008
WO10583,MA1AB100000000583,SUV Pro,2026-04-13,54,45,In Progress,Low,Plant-C,SUPV002
WO10584,MA1AB100000000584,Sedan X,2026-04-14,65,65,Completed,Medium,Plant-A,SUPV019
WO10585,MA1AB100000000585,Sedan X,2026-04-15,81,87,In Progress,High,Plant-B,SUPV005
WO10586,MA1AB100000000586,EV Prime,2026-04-16,123,120,Completed,Medium,Plant-C,SUPV005
WO10587,MA1AB100000000587,Hatch Z,2026-04-17,183,190,Planned,Low,Plant-B,SUPV022
WO10588,MA1AB100000000588,Hatch Z,2026-04-18,55,62,Delayed,Medium,Plant-C,SUPV011
WO10589,MA1AB100000000589,Hatch Z,2026-04-19,167,158,In Progress,Medium,Plant-C,SUPV005
WO10590,MA1AB100000000590,EV Prime,2026-04-20,159,163,Delayed,Low,Plant-B,SUPV002
WO10591,MA1AB100000000591,Hatch Z,2026-04-21,75,60,Planned,Medium,Plant-C,SUPV022
WO10592,MA1AB100000000592,EV Prime,2026-04-22,101,89,Delayed,Low,Plant-C,SUPV006
WO10593,MA1AB100000000593,Hatch Z,2026-04-23,142,133,Completed,High,Plant-A,SUPV001
WO10594,MA1AB100000000594,EV Prime,2026-04-24,115,113,Planned,High,Plant-C,SUPV010
WO10595,MA1AB100000000595,Hatch Z,2026-04-25,54,39,Planned,High,Plant-A,SUPV018
WO10596,MA1AB100000000596,Hatch Z,2026-04-26,126,121,In Progress,Low,Plant-B,SUPV002
WO10597,MA1AB100000000597,Sedan X,2026-04-27,104,102,Completed,Medium,Plant-A,SUPV006
WO10598,MA1AB100000000598,SUV Pro,2026-04-28,187,180,In Progress,Low,Plant-B,SUPV007
WO10599,MA1AB100000000599,Sedan X,2026-04-29,168,163,Completed,Low,Plant-C,SUPV002
WO10600,MA1AB100000000600,SUV Pro,2026-04-30,199,204,Completed,Low,Plant-A,SUPV019
WO10601,MA1AB100000000601,Hatch Z,2026-05-01,105,105,Completed,Medium,Plant-A,SUPV002
WO10602,MA1AB100000000602,SUV Pro,2026-05-02,96,99,In Progress,High,Plant-C,SUPV014
WO10603,MA1AB100000000603,Hatch Z,2026-05-03,83,81,Completed,Medium,Plant-C,SUPV003
WO10604,MA1AB100000000604,Hatch Z,2026-05-04,114,116,Completed,High,Plant-A,SUPV013
WO10605,MA1AB100000000605,SUV Pro,2026-05-05,179,166,In Progress,Medium,Plant-C,SUPV010
WO10606,MA1AB100000000606,Hatch Z,2026-05-06,98,93,Completed,Low,Plant-B,SUPV013
WO10607,MA1AB100000000607,EV Prime,2026-05-07,132,138,Completed,Medium,Plant-A,SUPV001
WO10608,MA1AB100000000608,EV Prime,2026-05-08,131,136,Completed,Low,Plant-A,SUPV021
WO10609,MA1AB100000000609,Sedan X,2026-05-09,144,140,Delayed,Low,Plant-C,SUPV011
WO10610,MA1AB100000000610,Sedan X,2026-05-10,167,162,Completed,Low,Plant-C,SUPV007
WO10611,MA1AB100000000611,Sedan X,2026-05-11,116,124,Planned,High,Plant-C,SUPV008
WO10612,MA1AB100000000612,SUV Pro,2026-05-12,110,107,Planned,Low,Plant-C,SUPV007
WO10613,MA1AB100000000613,Sedan X,2026-05-13,188,178,Planned,Medium,Plant-C,SUPV007
WO10614,MA1AB100000000614,SUV Pro,2026-05-14,56,63,In Progress,Medium,Plant-A,SUPV025
WO10615,MA1AB100000000615,EV Prime,2026-05-15,98,98,In Progress,Low,Plant-C,SUPV013
WO10616,MA1AB100000000616,SUV Pro,2026-05-16,51,60,In Progress,High,Plant-B,SUPV016
WO10617,MA1AB100000000617,Sedan X,2026-05-17,129,121,Delayed,Medium,Plant-A,SUPV006
WO10618,MA1AB100000000618,SUV Pro,2026-05-18,118,114,Delayed,Medium,Plant-A,SUPV019
WO10619,MA1AB100000000619,EV Prime,2026-05-19,103,109,Planned,Medium,Plant-B,SUPV023
WO10620,MA1AB100000000620,EV Prime,2026-05-20,59,63,Delayed,High,Plant-C,SUPV016
WO10621,MA1AB100000000621,EV Prime,2026-05-21,87,97,In Progress,Low,Plant-B,SUPV010
WO10622,MA1AB100000000622,Sedan X,2026-05-22,129,138,Completed,Low,Plant-C,SUPV005
WO10623,MA1AB100000000623,SUV Pro,2026-05-23,191,184,Planned,Low,Plant-C,SUPV019
WO10624,MA1AB100000000624,Sedan X,2026-05-24,85,89,In Progress,Low,Plant-B,SUPV024
WO10625,MA1AB100000000625,SUV Pro,2026-05-25,192,202,Completed,Low,Plant-C,SUPV017
WO10626,MA1AB100000000626,Sedan X,2026-05-26,189,190,Delayed,Medium,Plant-C,SUPV009
WO10627,MA1AB100000000627,Sedan X,2026-05-27,127,121,In Progress,Medium,Plant-B,SUPV017
WO10628,MA1AB100000000628,EV Prime,2026-05-28,185,177,Planned,High,Plant-C,SUPV001
WO10629,MA1AB100000000629,Hatch Z,2026-05-29,113,110,In Progress,Medium,Plant-A,SUPV019
WO10630,MA1AB100000000630,Hatch Z,2026-03-01,132,133,Delayed,High,Plant-B,SUPV008
WO10631,MA1AB100000000631,Hatch Z,2026-03-02,80,72,Planned,High,Plant-B,SUPV008
WO10632,MA1AB100000000632,EV Prime,2026-03-03,61,50,Completed,High,Plant-A,SUPV025
WO10633,MA1AB100000000633,SUV Pro,2026-03-04,114,114,Planned,Low,Plant-C,SUPV015
WO10634,MA1AB100000000634,EV Prime,2026-03-05,89,82,In Progress,High,Plant-C,SUPV005
WO10635,MA1AB100000000635,Sedan X,2026-03-06,56,46,Completed,High,Plant-C,SUPV013
WO10636,MA1AB100000000636,Sedan X,2026-03-07,137,129,Planned,High,Plant-C,SUPV017
WO10637,MA1AB100000000637,EV Prime,2026-03-08,127,132,Completed,Medium,Plant-C,SUPV012
WO10638,MA1AB100000000638,SUV Pro,2026-03-09,65,52,Delayed,High,Plant-B,SUPV003
WO10639,MA1AB100000000639,Sedan X,2026-03-10,176,166,Delayed,Low,Plant-B,SUPV020
WO10640,MA1AB100000000640,Hatch Z,2026-03-11,116,101,Delayed,Low,Plant-B,SUPV011
WO10641,MA1AB100000000641,Sedan X,2026-03-12,80,89,Completed,Medium,Plant-A,SUPV007
WO10642,MA1AB100000000642,SUV Pro,2026-03-13,97,84,Planned,Medium,Plant-A,SUPV022
WO10643,MA1AB100000000643,SUV Pro,2026-03-14,71,63,Delayed,Low,Plant-B,SUPV021
WO10644,MA1AB100000000644,Hatch Z,2026-03-15,161,147,Completed,Medium,Plant-C,SUPV008
WO10645,MA1AB100000000645,Sedan X,2026-03-16,121,122,Planned,High,Plant-C,SUPV010
WO10646,MA1AB100000000646,Hatch Z,2026-03-17,190,199,Completed,Low,Plant-B,SUPV015
WO10647,MA1AB100000000647,EV Prime,2026-03-18,103,102,Delayed,High,Plant-C,SUPV018
WO10648,MA1AB100000000648,Sedan X,2026-03-19,194,196,Planned,High,Plant-A,SUPV014
WO10649,MA1AB100000000649,Hatch Z,2026-03-20,88,97,In Progress,Low,Plant-C,SUPV008
WO10650,MA1AB100000000650,Hatch Z,2026-03-21,158,149,In Progress,Medium,Plant-C,SUPV014
WO10651,MA1AB100000000651,Hatch Z,2026-03-22,181,170,Delayed,High,Plant-C,SUPV003
WO10652,MA1AB100000000652,Sedan X,2026-03-23,166,167,In Progress,Medium,Plant-A,SUPV012
WO10653,MA1AB100000000653,SUV Pro,2026-03-24,105,112,Completed,High,Plant-C,SUPV024
WO10654,MA1AB100000000654,SUV Pro,2026-03-25,164,162,Planned,High,Plant-B,SUPV020
WO10655,MA1AB100000000655,EV Prime,2026-03-26,158,155,Delayed,Medium,Plant-B,SUPV018
WO10656,MA1AB100000000656,Sedan X,2026-03-27,88,89,In Progress,Low,Plant-B,SUPV014
WO10657,MA1AB100000000657,SUV Pro,2026-03-28,60,47,Delayed,Medium,Plant-A,SUPV015
WO10658,MA1AB100000000658,SUV Pro,2026-03-29,100,106,Completed,Low,Plant-C,SUPV021
WO10659,MA1AB100000000659,Hatch Z,2026-03-30,169,167,Completed,Low,Plant-B,SUPV002
WO10660,MA1AB100000000660,SUV Pro,2026-03-31,74,84,Planned,High,Plant-C,SUPV025
WO10661,MA1AB100000000661,Hatch Z,2026-04-01,134,127,In Progress,Medium,Plant-A,SUPV001
WO10662,MA1AB100000000662,Hatch Z,2026-04-02,174,176,In Progress,Medium,Plant-B,SUPV008
WO10663,MA1AB100000000663,Sedan X,2026-04-03,184,185,In Progress,Medium,Plant-A,SUPV016
WO10664,MA1AB100000000664,Sedan X,2026-04-04,94,104,Planned,Low,Plant-C,SUPV007
WO10665,MA1AB100000000665,Sedan X,2026-04-05,67,73,Delayed,Low,Plant-B,SUPV019
WO10666,MA1AB100000000666,Sedan X,2026-04-06,52,43,Completed,High,Plant-B,SUPV017
WO10667,MA1AB100000000667,EV Prime,2026-04-07,200,197,Completed,Low,Plant-B,SUPV013
WO10668,MA1AB100000000668,Sedan X,2026-04-08,118,122,Planned,High,Plant-B,SUPV004
WO10669,MA1AB100000000669,EV Prime,2026-04-09,141,137,In Progress,Low,Plant-B,SUPV019
WO10670,MA1AB100000000670,EV Prime,2026-04-10,174,173,Delayed,High,Plant-B,SUPV016
WO10671,MA1AB100000000671,Hatch Z,2026-04-11,149,139,Delayed,High,Plant-B,SUPV006
WO10672,MA1AB100000000672,SUV Pro,2026-04-12,197,200,Delayed,Low,Plant-B,SUPV011
WO10673,MA1AB100000000673,SUV Pro,2026-04-13,63,61,Delayed,High,Plant-C,SUPV023
WO10674,MA1AB100000000674,SUV Pro,2026-04-14,81,77,Completed,Low,Plant-C,SUPV007
WO10675,MA1AB100000000675,Hatch Z,2026-04-15,67,70,Completed,High,Plant-C,SUPV018
WO10676,MA1AB100000000676,Sedan X,2026-04-16,124,112,Delayed,High,Plant-B,SUPV018
WO10677,MA1AB100000000677,EV Prime,2026-04-17,55,53,In Progress,Medium,Plant-A,SUPV024
WO10678,MA1AB100000000678,EV Prime,2026-04-18,151,137,In Progress,High,Plant-A,SUPV022
WO10679,MA1AB100000000679,Hatch Z,2026-04-19,143,153,In Progress,Medium,Plant-B,SUPV010
WO10680,MA1AB100000000680,EV Prime,2026-04-20,140,128,Planned,Low,Plant-B,SUPV009
WO10681,MA1AB100000000681,Hatch Z,2026-04-21,69,76,Planned,High,Plant-A,SUPV002
WO10682,MA1AB100000000682,EV Prime,2026-04-22,174,159,Delayed,Medium,Plant-B,SUPV025
WO10683,MA1AB100000000683,SUV Pro,2026-04-23,153,141,In Progress,Low,Plant-A,SUPV004
WO10684,MA1AB100000000684,SUV Pro,2026-04-24,59,50,Completed,Low,Plant-A,SUPV001
WO10685,MA1AB100000000685,EV Prime,2026-04-25,196,195,Completed,High,Plant-A,SUPV007
WO10686,MA1AB100000000686,Sedan X,2026-04-26,153,148,Planned,High,Plant-C,SUPV012
WO10687,MA1AB100000000687,EV Prime,2026-04-27,103,96,Delayed,High,Plant-A,SUPV024
WO10688,MA1AB100000000688,SUV Pro,2026-04-28,102,101,Delayed,Medium,Plant-B,SUPV022
WO10689,MA1AB100000000689,Hatch Z,2026-04-29,159,168,In Progress,High,Plant-C,SUPV020
WO10690,MA1AB100000000690,EV Prime,2026-04-30,52,46,Completed,Medium,Plant-B,SUPV023
WO10691,MA1AB100000000691,Hatch Z,2026-05-01,104,108,Planned,Low,Plant-B,SUPV012
WO10692,MA1AB100000000692,SUV Pro,2026-05-02,115,118,Delayed,Medium,Plant-C,SUPV020
WO10693,MA1AB100000000693,Hatch Z,2026-05-03,168,158,Planned,High,Plant-B,SUPV020
WO10694,MA1AB100000000694,Sedan X,2026-05-04,72,58,Delayed,Low,Plant-B,SUPV010
WO10695,MA1AB100000000695,Sedan X,2026-05-05,97,101,Delayed,High,Plant-B,SUPV013
WO10696,MA1AB100000000696,Sedan X,2026-05-06,64,74,Planned,Low,Plant-A,SUPV019
WO10697,MA1AB100000000697,SUV Pro,2026-05-07,95,82,Planned,Low,Plant-C,SUPV023
WO10698,MA1AB100000000698,Sedan X,2026-05-08,87,81,Delayed,Low,Plant-B,SUPV009
WO10699,MA1AB100000000699,Sedan X,2026-05-09,50,41,Delayed,Low,Plant-C,SUPV023
WO10700,MA1AB100000000700,EV Prime,2026-05-10,82,84,In Progress,High,Plant-A,SUPV014
WO10701,MA1AB100000000701,Sedan X,2026-05-11,127,130,Planned,High,Plant-B,SUPV018
WO10702,MA1AB100000000702,Sedan X,2026-05-12,79,70,Delayed,High,Plant-A,SUPV014
WO10703,MA1AB100000000703,Sedan X,2026-05-13,86,80,Planned,High,Plant-A,SUPV017
WO10704,MA1AB100000000704,Sedan X,2026-05-14,151,144,Delayed,Low,Plant-B,SUPV014
WO10705,MA1AB100000000705,SUV Pro,2026-05-15,111,117,Planned,Low,Plant-A,SUPV013
WO10706,MA1AB100000000706,EV Prime,2026-05-16,144,141,Completed,Low,Plant-A,SUPV021
WO10707,MA1AB100000000707,SUV Pro,2026-05-17,167,168,Completed,Low,Plant-B,SUPV001
WO10708,MA1AB100000000708,SUV Pro,2026-05-18,153,147,Planned,Low,Plant-C,SUPV011
WO10709,MA1AB100000000709,Hatch Z,2026-05-19,153,152,Completed,High,Plant-A,SUPV014
WO10710,MA1AB100000000710,SUV Pro,2026-05-20,62,50,In Progress,Medium,Plant-B,SUPV023
WO10711,MA1AB100000000711,SUV Pro,2026-05-21,174,179,In Progress,High,Plant-B,SUPV021
WO10712,MA1AB100000000712,Sedan X,2026-05-22,191,179,Delayed,High,Plant-A,SUPV008
WO10713,MA1AB100000000713,Sedan X,2026-05-23,123,131,Delayed,High,Plant-B,SUPV004
WO10714,MA1AB100000000714,SUV Pro,2026-05-24,174,170,In Progress,Low,Plant-A,SUPV005
WO10715,MA1AB100000000715,EV Prime,2026-05-25,63,58,Completed,Medium,Plant-A,SUPV021
WO10716,MA1AB100000000716,Hatch Z,2026-05-26,183,187,Completed,High,Plant-A,SUPV001
WO10717,MA1AB100000000717,SUV Pro,2026-05-27,160,165,Planned,Medium,Plant-A,SUPV007
WO10718,MA1AB100000000718,EV Prime,2026-05-28,99,95,Completed,Low,Plant-B,SUPV003
WO10719,MA1AB100000000719,SUV Pro,2026-05-29,164,159,Delayed,Medium,Plant-A,SUPV001
WO10720,MA1AB100000000720,EV Prime,2026-03-01,79,72,In Progress,High,Plant-B,SUPV021
WO10721,MA1AB100000000721,Sedan X,2026-03-02,200,204,Delayed,High,Plant-B,SUPV010
WO10722,MA1AB100000000722,EV Prime,2026-03-03,136,136,Completed,Low,Plant-C,SUPV003
WO10723,MA1AB100000000723,Hatch Z,2026-03-04,137,128,Planned,High,Plant-A,SUPV015
WO10724,MA1AB100000000724,SUV Pro,2026-03-05,184,186,Completed,High,Plant-A,SUPV013
WO10725,MA1AB100000000725,Hatch Z,2026-03-06,169,175,Completed,Medium,Plant-C,SUPV004
WO10726,MA1AB100000000726,SUV Pro,2026-03-07,171,176,Planned,Medium,Plant-C,SUPV006
WO10727,MA1AB100000000727,Hatch Z,2026-03-08,118,108,Delayed,High,Plant-A,SUPV023
WO10728,MA1AB100000000728,Sedan X,2026-03-09,125,118,In Progress,Medium,Plant-C,SUPV017
WO10729,MA1AB100000000729,EV Prime,2026-03-10,75,79,In Progress,Medium,Plant-C,SUPV007
WO10730,MA1AB100000000730,Sedan X,2026-03-11,70,72,Planned,High,Plant-B,SUPV011
WO10731,MA1AB100000000731,Sedan X,2026-03-12,140,143,Delayed,Low,Plant-C,SUPV003
WO10732,MA1AB100000000732,Hatch Z,2026-03-13,192,193,Delayed,Low,Plant-B,SUPV009
WO10733,MA1AB100000000733,SUV Pro,2026-03-14,62,71,Planned,High,Plant-A,SUPV013
WO10734,MA1AB100000000734,SUV Pro,2026-03-15,154,152,In Progress,Medium,Plant-A,SUPV003
WO10735,MA1AB100000000735,EV Prime,2026-03-16,123,108,Completed,Low,Plant-B,SUPV013
WO10736,MA1AB100000000736,Sedan X,2026-03-17,98,102,Completed,Medium,Plant-B,SUPV004
WO10737,MA1AB100000000737,Hatch Z,2026-03-18,51,43,Planned,High,Plant-B,SUPV012
WO10738,MA1AB100000000738,Sedan X,2026-03-19,119,112,In Progress,High,Plant-C,SUPV019
WO10739,MA1AB100000000739,EV Prime,2026-03-20,196,184,Delayed,Medium,Plant-A,SUPV007
WO10740,MA1AB100000000740,SUV Pro,2026-03-21,158,162,Completed,Medium,Plant-A,SUPV019
WO10741,MA1AB100000000741,Sedan X,2026-03-22,97,103,In Progress,High,Plant-C,SUPV007
WO10742,MA1AB100000000742,SUV Pro,2026-03-23,70,76,In Progress,Low,Plant-B,SUPV001
WO10743,MA1AB100000000743,SUV Pro,2026-03-24,174,182,Planned,High,Plant-B,SUPV018
WO10744,MA1AB100000000744,EV Prime,2026-03-25,185,183,Delayed,High,Plant-C,SUPV024
WO10745,MA1AB100000000745,Hatch Z,2026-03-26,173,162,Delayed,Low,Plant-A,SUPV023
WO10746,MA1AB100000000746,SUV Pro,2026-03-27,93,86,Planned,Medium,Plant-C,SUPV024
WO10747,MA1AB100000000747,Sedan X,2026-03-28,127,114,Delayed,High,Plant-B,SUPV009
WO10748,MA1AB100000000748,SUV Pro,2026-03-29,177,175,In Progress,Low,Plant-A,SUPV012
WO10749,MA1AB100000000749,Sedan X,2026-03-30,167,163,In Progress,Medium,Plant-C,SUPV010
WO10750,MA1AB100000000750,SUV Pro,2026-03-31,51,50,In Progress,High,Plant-B,SUPV014
WO10751,MA1AB100000000751,EV Prime,2026-04-01,169,156,Planned,Medium,Plant-C,SUPV005
WO10752,MA1AB100000000752,Sedan X,2026-04-02,54,41,In Progress,Low,Plant-A,SUPV007
WO10753,MA1AB100000000753,Sedan X,2026-04-03,52,47,Completed,Medium,Plant-B,SUPV017
WO10754,MA1AB100000000754,Sedan X,2026-04-04,152,141,Delayed,Low,Plant-A,SUPV009
WO10755,MA1AB100000000755,EV Prime,2026-04-05,138,137,Planned,Medium,Plant-A,SUPV022
WO10756,MA1AB100000000756,Hatch Z,2026-04-06,182,167,Planned,Medium,Plant-A,SUPV020
WO10757,MA1AB100000000757,Sedan X,2026-04-07,170,172,Completed,Low,Plant-B,SUPV022
WO10758,MA1AB100000000758,Sedan X,2026-04-08,74,61,Planned,Medium,Plant-C,SUPV022
WO10759,MA1AB100000000759,SUV Pro,2026-04-09,182,170,Delayed,Medium,Plant-C,SUPV025
WO10760,MA1AB100000000760,SUV Pro,2026-04-10,78,77,Delayed,High,Plant-C,SUPV002
WO10761,MA1AB100000000761,SUV Pro,2026-04-11,199,186,Completed,High,Plant-B,SUPV012
WO10762,MA1AB100000000762,SUV Pro,2026-04-12,103,98,Delayed,Medium,Plant-B,SUPV025
WO10763,MA1AB100000000763,Sedan X,2026-04-13,192,179,Delayed,High,Plant-B,SUPV002
WO10764,MA1AB100000000764,SUV Pro,2026-04-14,112,116,Delayed,Medium,Plant-B,SUPV002
WO10765,MA1AB100000000765,EV Prime,2026-04-15,129,124,Delayed,Low,Plant-B,SUPV008
WO10766,MA1AB100000000766,Hatch Z,2026-04-16,157,142,In Progress,Medium,Plant-B,SUPV001
WO10767,MA1AB100000000767,Sedan X,2026-04-17,165,171,In Progress,Low,Plant-C,SUPV014
WO10768,MA1AB100000000768,EV Prime,2026-04-18,134,140,Planned,Low,Plant-A,SUPV011
WO10769,MA1AB100000000769,Hatch Z,2026-04-19,172,160,In Progress,High,Plant-C,SUPV001
WO10770,MA1AB100000000770,Hatch Z,2026-04-20,196,182,Planned,Medium,Plant-B,SUPV015
WO10771,MA1AB100000000771,EV Prime,2026-04-21,90,84,In Progress,Low,Plant-B,SUPV004
WO10772,MA1AB100000000772,SUV Pro,2026-04-22,85,92,Planned,Medium,Plant-C,SUPV018
WO10773,MA1AB100000000773,Sedan X,2026-04-23,65,58,Planned,Low,Plant-B,SUPV003
WO10774,MA1AB100000000774,SUV Pro,2026-04-24,191,181,Completed,Low,Plant-B,SUPV025
WO10775,MA1AB100000000775,SUV Pro,2026-04-25,85,94,Planned,Medium,Plant-C,SUPV013
WO10776,MA1AB100000000776,Hatch Z,2026-04-26,124,115,In Progress,High,Plant-C,SUPV003
WO10777,MA1AB100000000777,SUV Pro,2026-04-27,168,173,Planned,Low,Plant-B,SUPV009
WO10778,MA1AB100000000778,EV Prime,2026-04-28,84,91,Planned,High,Plant-A,SUPV011
WO10779,MA1AB100000000779,EV Prime,2026-04-29,117,102,Planned,Low,Plant-B,SUPV019
WO10780,MA1AB100000000780,Hatch Z,2026-04-30,121,116,Planned,High,Plant-A,SUPV003
WO10781,MA1AB100000000781,EV Prime,2026-05-01,104,111,Delayed,Low,Plant-C,SUPV004
WO10782,MA1AB100000000782,EV Prime,2026-05-02,199,199,Completed,Low,Plant-B,SUPV013
WO10783,MA1AB100000000783,Sedan X,2026-05-03,120,112,In Progress,High,Plant-C,SUPV008
WO10784,MA1AB100000000784,EV Prime,2026-05-04,89,91,Planned,Low,Plant-A,SUPV021
WO10785,MA1AB100000000785,Sedan X,2026-05-05,154,146,Delayed,Medium,Plant-A,SUPV013
WO10786,MA1AB100000000786,SUV Pro,2026-05-06,145,134,Planned,Low,Plant-C,SUPV009
WO10787,MA1AB100000000787,Sedan X,2026-05-07,108,114,In Progress,High,Plant-B,SUPV015
WO10788,MA1AB100000000788,Hatch Z,2026-05-08,189,179,Completed,Low,Plant-A,SUPV016
WO10789,MA1AB100000000789,Sedan X,2026-05-09,182,191,In Progress,Low,Plant-A,SUPV020
WO10790,MA1AB100000000790,Sedan X,2026-05-10,50,50,Planned,Medium,Plant-B,SUPV010
WO10791,MA1AB100000000791,Sedan X,2026-05-11,189,178,Completed,High,Plant-B,SUPV007
WO10792,MA1AB100000000792,EV Prime,2026-05-12,127,115,In Progress,High,Plant-B,SUPV004
WO10793,MA1AB100000000793,SUV Pro,2026-05-13,169,161,Completed,High,Plant-C,SUPV014
WO10794,MA1AB100000000794,SUV Pro,2026-05-14,67,70,Delayed,Medium,Plant-A,SUPV020
WO10795,MA1AB100000000795,Hatch Z,2026-05-15,83,72,Delayed,Medium,Plant-A,SUPV018
WO10796,MA1AB100000000796,SUV Pro,2026-05-16,103,98,Delayed,High,Plant-B,SUPV017
WO10797,MA1AB100000000797,EV Prime,2026-05-17,99,92,Planned,Medium,Plant-B,SUPV016
WO10798,MA1AB100000000798,SUV Pro,2026-05-18,117,127,Planned,High,Plant-C,SUPV025
WO10799,MA1AB100000000799,SUV Pro,2026-05-19,188,189,Completed,Low,Plant-A,SUPV008
WO10800,MA1AB100000000800,Hatch Z,2026-05-20,135,140,In Progress,Medium,Plant-C,SUPV015
WO10801,MA1AB100000000801,Sedan X,2026-05-21,199,197,Completed,Low,Plant-C,SUPV014
WO10802,MA1AB100000000802,SUV Pro,2026-05-22,80,78,Planned,Medium,Plant-A,SUPV019
WO10803,MA1AB100000000803,SUV Pro,2026-05-23,70,76,Planned,Low,Plant-C,SUPV013
WO10804,MA1AB100000000804,SUV Pro,2026-05-24,134,126,Planned,High,Plant-A,SUPV007
WO10805,MA1AB100000000805,SUV Pro,2026-05-25,116,110,In Progress,Medium,Plant-C,SUPV021
WO10806,MA1AB100000000806,SUV Pro,2026-05-26,157,148,Delayed,High,Plant-B,SUPV006
WO10807,MA1AB100000000807,Sedan X,2026-05-27,173,179,Planned,Medium,Plant-B,SUPV002
WO10808,MA1AB100000000808,Sedan X,2026-05-28,118,123,Planned,Medium,Plant-A,SUPV005
WO10809,MA1AB100000000809,SUV Pro,2026-05-29,78,65,Completed,High,Plant-C,SUPV012
WO10810,MA1AB100000000810,EV Prime,2026-03-01,149,147,Completed,Medium,Plant-C,SUPV002
WO10811,MA1AB100000000811,EV Prime,2026-03-02,185,178,Completed,Medium,Plant-C,SUPV016
WO10812,MA1AB100000000812,EV Prime,2026-03-03,125,114,Delayed,High,Plant-C,SUPV002
WO10813,MA1AB100000000813,Hatch Z,2026-03-04,67,52,Completed,High,Plant-C,SUPV017
WO10814,MA1AB100000000814,EV Prime,2026-03-05,130,132,Delayed,Medium,Plant-A,SUPV007
WO10815,MA1AB100000000815,Hatch Z,2026-03-06,94,96,In Progress,High,Plant-C,SUPV003
WO10816,MA1AB100000000816,Hatch Z,2026-03-07,91,83,Completed,Low,Plant-A,SUPV016
WO10817,MA1AB100000000817,Sedan X,2026-03-08,92,99,Delayed,Low,Plant-C,SUPV021
WO10818,MA1AB100000000818,SUV Pro,2026-03-09,59,63,Planned,High,Plant-C,SUPV014
WO10819,MA1AB100000000819,Sedan X,2026-03-10,115,122,Planned,High,Plant-C,SUPV022
WO10820,MA1AB100000000820,EV Prime,2026-03-11,74,76,Planned,Low,Plant-C,SUPV003
WO10821,MA1AB100000000821,EV Prime,2026-03-12,182,174,In Progress,Medium,Plant-C,SUPV023
WO10822,MA1AB100000000822,Sedan X,2026-03-13,154,150,Delayed,Low,Plant-C,SUPV017
WO10823,MA1AB100000000823,Sedan X,2026-03-14,61,68,Planned,Low,Plant-C,SUPV020
WO10824,MA1AB100000000824,EV Prime,2026-03-15,90,93,Delayed,High,Plant-C,SUPV013
WO10825,MA1AB100000000825,EV Prime,2026-03-16,129,121,Delayed,Medium,Plant-C,SUPV009
WO10826,MA1AB100000000826,Sedan X,2026-03-17,165,158,Completed,Low,Plant-C,SUPV008
WO10827,MA1AB100000000827,EV Prime,2026-03-18,57,59,Planned,Medium,Plant-C,SUPV001
WO10828,MA1AB100000000828,EV Prime,2026-03-19,101,109,Delayed,High,Plant-A,SUPV018
WO10829,MA1AB100000000829,EV Prime,2026-03-20,88,97,Completed,High,Plant-B,SUPV010
WO10830,MA1AB100000000830,Sedan X,2026-03-21,130,127,In Progress,Low,Plant-A,SUPV016
WO10831,MA1AB100000000831,SUV Pro,2026-03-22,176,168,Planned,Medium,Plant-A,SUPV009
WO10832,MA1AB100000000832,Sedan X,2026-03-23,65,62,Delayed,High,Plant-B,SUPV005
WO10833,MA1AB100000000833,EV Prime,2026-03-24,129,120,Delayed,Medium,Plant-A,SUPV023
WO10834,MA1AB100000000834,EV Prime,2026-03-25,151,149,In Progress,Low,Plant-C,SUPV017
WO10835,MA1AB100000000835,SUV Pro,2026-03-26,197,194,Delayed,Medium,Plant-C,SUPV023
WO10836,MA1AB100000000836,Sedan X,2026-03-27,55,59,Delayed,Medium,Plant-C,SUPV006
WO10837,MA1AB100000000837,Sedan X,2026-03-28,105,109,Planned,Medium,Plant-A,SUPV006
WO10838,MA1AB100000000838,Sedan X,2026-03-29,115,114,Delayed,Low,Plant-C,SUPV021
WO10839,MA1AB100000000839,Sedan X,2026-03-30,135,134,Planned,Low,Plant-A,SUPV016
WO10840,MA1AB100000000840,Sedan X,2026-03-31,194,187,In Progress,High,Plant-B,SUPV008
WO10841,MA1AB100000000841,EV Prime,2026-04-01,63,67,Delayed,Low,Plant-C,SUPV014
WO10842,MA1AB100000000842,Sedan X,2026-04-02,139,141,Completed,Low,Plant-B,SUPV022
WO10843,MA1AB100000000843,Sedan X,2026-04-03,138,126,Completed,High,Plant-A,SUPV013
WO10844,MA1AB100000000844,Sedan X,2026-04-04,108,99,Delayed,Medium,Plant-B,SUPV013
WO10845,MA1AB100000000845,Sedan X,2026-04-05,91,90,In Progress,Medium,Plant-B,SUPV023
WO10846,MA1AB100000000846,SUV Pro,2026-04-06,158,164,Planned,Low,Plant-A,SUPV015
WO10847,MA1AB100000000847,SUV Pro,2026-04-07,125,132,Completed,High,Plant-C,SUPV001
WO10848,MA1AB100000000848,Hatch Z,2026-04-08,95,96,Planned,Medium,Plant-B,SUPV023
WO10849,MA1AB100000000849,Hatch Z,2026-04-09,95,87,Completed,Medium,Plant-C,SUPV015
WO10850,MA1AB100000000850,SUV Pro,2026-04-10,73,79,Completed,Low,Plant-B,SUPV002
WO10851,MA1AB100000000851,Sedan X,2026-04-11,73,67,Planned,Low,Plant-A,SUPV025
WO10852,MA1AB100000000852,EV Prime,2026-04-12,118,107,Completed,Medium,Plant-A,SUPV016
WO10853,MA1AB100000000853,Sedan X,2026-04-13,51,51,Planned,Low,Plant-C,SUPV004
WO10854,MA1AB100000000854,Sedan X,2026-04-14,81,78,In Progress,Medium,Plant-C,SUPV021
WO10855,MA1AB100000000855,Hatch Z,2026-04-15,96,97,Planned,Medium,Plant-A,SUPV012
WO10856,MA1AB100000000856,SUV Pro,2026-04-16,89,95,Delayed,Medium,Plant-C,SUPV006
WO10857,MA1AB100000000857,Sedan X,2026-04-17,106,98,Delayed,Medium,Plant-A,SUPV005
WO10858,MA1AB100000000858,EV Prime,2026-04-18,163,171,Completed,High,Plant-A,SUPV023
WO10859,MA1AB100000000859,Hatch Z,2026-04-19,150,152,In Progress,Low,Plant-A,SUPV002
WO10860,MA1AB100000000860,Hatch Z,2026-04-20,167,173,Completed,Medium,Plant-B,SUPV001
WO10861,MA1AB100000000861,Hatch Z,2026-04-21,138,147,In Progress,Low,Plant-A,SUPV010
WO10862,MA1AB100000000862,Hatch Z,2026-04-22,74,83,Planned,Medium,Plant-A,SUPV007
WO10863,MA1AB100000000863,Sedan X,2026-04-23,108,99,Delayed,Low,Plant-B,SUPV020
WO10864,MA1AB100000000864,Sedan X,2026-04-24,99,100,Delayed,Low,Plant-C,SUPV010
WO10865,MA1AB100000000865,Sedan X,2026-04-25,115,111,Planned,Low,Plant-C,SUPV013
WO10866,MA1AB100000000866,Hatch Z,2026-04-26,108,96,In Progress,Medium,Plant-B,SUPV016
WO10867,MA1AB100000000867,EV Prime,2026-04-27,192,186,In Progress,High,Plant-C,SUPV025
WO10868,MA1AB100000000868,EV Prime,2026-04-28,146,149,Delayed,High,Plant-A,SUPV007
WO10869,MA1AB100000000869,Hatch Z,2026-04-29,81,87,Completed,Low,Plant-C,SUPV009
WO10870,MA1AB100000000870,Sedan X,2026-04-30,153,145,Planned,High,Plant-C,SUPV003
WO10871,MA1AB100000000871,Sedan X,2026-05-01,129,134,Delayed,High,Plant-A,SUPV007
WO10872,MA1AB100000000872,EV Prime,2026-05-02,82,84,Planned,Medium,Plant-B,SUPV021
WO10873,MA1AB100000000873,EV Prime,2026-05-03,58,57,In Progress,Medium,Plant-A,SUPV006
WO10874,MA1AB100000000874,Hatch Z,2026-05-04,159,153,In Progress,Low,Plant-C,SUPV024
WO10875,MA1AB100000000875,EV Prime,2026-05-05,178,166,Delayed,Medium,Plant-B,SUPV018
WO10876,MA1AB100000000876,Hatch Z,2026-05-06,120,121,In Progress,High,Plant-B,SUPV013
WO10877,MA1AB100000000877,SUV Pro,2026-05-07,188,178,Completed,Low,Plant-C,SUPV019
WO10878,MA1AB100000000878,Sedan X,2026-05-08,89,84,Planned,High,Plant-C,SUPV012
WO10879,MA1AB100000000879,Hatch Z,2026-05-09,94,104,Delayed,Low,Plant-A,SUPV010
WO10880,MA1AB100000000880,SUV Pro,2026-05-10,178,179,Delayed,High,Plant-B,SUPV005
WO10881,MA1AB100000000881,Hatch Z,2026-05-11,59,61,Planned,Low,Plant-A,SUPV018
WO10882,MA1AB100000000882,Hatch Z,2026-05-12,115,107,Planned,Medium,Plant-B,SUPV002
WO10883,MA1AB100000000883,Hatch Z,2026-05-13,114,108,Delayed,Medium,Plant-C,SUPV001
WO10884,MA1AB100000000884,EV Prime,2026-05-14,168,157,Planned,High,Plant-A,SUPV016
WO10885,MA1AB100000000885,Hatch Z,2026-05-15,143,138,Planned,High,Plant-C,SUPV022
WO10886,MA1AB100000000886,SUV Pro,2026-05-16,66,54,In Progress,Low,Plant-C,SUPV004
WO10887,MA1AB100000000887,SUV Pro,2026-05-17,171,179,Delayed,High,Plant-C,SUPV008
WO10888,MA1AB100000000888,Sedan X,2026-05-18,119,128,Delayed,Low,Plant-B,SUPV013
WO10889,MA1AB100000000889,Sedan X,2026-05-19,148,144,In Progress,Medium,Plant-C,SUPV001
WO10890,MA1AB100000000890,EV Prime,2026-05-20,78,63,In Progress,High,Plant-B,SUPV010
WO10891,MA1AB100000000891,Sedan X,2026-05-21,116,116,Planned,High,Plant-C,SUPV017
WO10892,MA1AB100000000892,SUV Pro,2026-05-22,109,102,Planned,Medium,Plant-C,SUPV010
WO10893,MA1AB100000000893,Hatch Z,2026-05-23,163,171,Completed,High,Plant-B,SUPV013
WO10894,MA1AB100000000894,EV Prime,2026-05-24,89,79,Completed,High,Plant-A,SUPV023
WO10895,MA1AB100000000895,Sedan X,2026-05-25,181,177,Planned,High,Plant-B,SUPV015
WO10896,MA1AB100000000896,SUV Pro,2026-05-26,182,184,In Progress,Medium,Plant-C,SUPV018
WO10897,MA1AB100000000897,EV Prime,2026-05-27,192,193,In Progress,Low,Plant-A,SUPV016
WO10898,MA1AB100000000898,Hatch Z,2026-05-28,187,183,Planned,Medium,Plant-B,SUPV012
WO10899,MA1AB100000000899,SUV Pro,2026-05-29,138,134,Delayed,Medium,Plant-A,SUPV020
WO10900,MA1AB100000000900,SUV Pro,2026-03-01,63,64,In Progress,Medium,Plant-A,SUPV019
WO10901,MA1AB100000000901,SUV Pro,2026-03-02,91,86,Delayed,Medium,Plant-C,SUPV006
WO10902,MA1AB100000000902,Sedan X,2026-03-03,70,69,In Progress,Low,Plant-A,SUPV021
WO10903,MA1AB100000000903,SUV Pro,2026-03-04,193,195,Completed,High,Plant-C,SUPV016
WO10904,MA1AB100000000904,SUV Pro,2026-03-05,157,162,In Progress,Low,Plant-C,SUPV024
WO10905,MA1AB100000000905,Sedan X,2026-03-06,99,108,Delayed,Medium,Plant-C,SUPV022
WO10906,MA1AB100000000906,EV Prime,2026-03-07,100,103,Planned,High,Plant-A,SUPV007
WO10907,MA1AB100000000907,Hatch Z,2026-03-08,165,168,Completed,High,Plant-C,SUPV023
WO10908,MA1AB100000000908,Hatch Z,2026-03-09,153,160,Delayed,High,Plant-B,SUPV009
WO10909,MA1AB100000000909,Hatch Z,2026-03-10,135,123,Completed,Medium,Plant-C,SUPV012
WO10910,MA1AB100000000910,Hatch Z,2026-03-11,177,172,Delayed,Low,Plant-A,SUPV010
WO10911,MA1AB100000000911,Hatch Z,2026-03-12,114,124,Completed,Low,Plant-A,SUPV016
WO10912,MA1AB100000000912,SUV Pro,2026-03-13,137,125,Planned,High,Plant-A,SUPV008
WO10913,MA1AB100000000913,SUV Pro,2026-03-14,115,116,In Progress,Low,Plant-C,SUPV009
WO10914,MA1AB100000000914,EV Prime,2026-03-15,85,95,In Progress,Medium,Plant-C,SUPV004
WO10915,MA1AB100000000915,Sedan X,2026-03-16,156,165,Delayed,Medium,Plant-A,SUPV025
WO10916,MA1AB100000000916,Sedan X,2026-03-17,95,85,Planned,High,Plant-A,SUPV018
WO10917,MA1AB100000000917,EV Prime,2026-03-18,57,48,In Progress,Medium,Plant-B,SUPV013
WO10918,MA1AB100000000918,SUV Pro,2026-03-19,176,163,Completed,Medium,Plant-C,SUPV020
WO10919,MA1AB100000000919,SUV Pro,2026-03-20,134,132,Completed,Low,Plant-C,SUPV011
WO10920,MA1AB100000000920,Sedan X,2026-03-21,197,182,In Progress,Medium,Plant-A,SUPV019
WO10921,MA1AB100000000921,Sedan X,2026-03-22,181,180,Delayed,High,Plant-A,SUPV024
WO10922,MA1AB100000000922,EV Prime,2026-03-23,193,180,Planned,Low,Plant-B,SUPV015
WO10923,MA1AB100000000923,Sedan X,2026-03-24,52,44,Completed,Medium,Plant-A,SUPV010
WO10924,MA1AB100000000924,SUV Pro,2026-03-25,74,62,In Progress,Medium,Plant-C,SUPV002
WO10925,MA1AB100000000925,EV Prime,2026-03-26,51,57,Completed,Medium,Plant-C,SUPV024
WO10926,MA1AB100000000926,EV Prime,2026-03-27,141,143,Planned,High,Plant-A,SUPV017
WO10927,MA1AB100000000927,Sedan X,2026-03-28,114,101,Delayed,Low,Plant-A,SUPV020
WO10928,MA1AB100000000928,SUV Pro,2026-03-29,150,156,In Progress,Medium,Plant-C,SUPV006
WO10929,MA1AB100000000929,EV Prime,2026-03-30,130,119,Completed,Medium,Plant-A,SUPV004
WO10930,MA1AB100000000930,Sedan X,2026-03-31,61,54,Completed,Medium,Plant-A,SUPV023
WO10931,MA1AB100000000931,Hatch Z,2026-04-01,186,192,Planned,Low,Plant-C,SUPV003
WO10932,MA1AB100000000932,Hatch Z,2026-04-02,187,193,Delayed,High,Plant-B,SUPV017
WO10933,MA1AB100000000933,EV Prime,2026-04-03,196,201,Completed,Low,Plant-C,SUPV019
WO10934,MA1AB100000000934,SUV Pro,2026-04-04,69,75,Delayed,Medium,Plant-A,SUPV023
WO10935,MA1AB100000000935,Hatch Z,2026-04-05,190,180,Completed,Low,Plant-B,SUPV010
WO10936,MA1AB100000000936,EV Prime,2026-04-06,149,150,In Progress,Medium,Plant-A,SUPV007
WO10937,MA1AB100000000937,EV Prime,2026-04-07,200,189,Planned,High,Plant-C,SUPV012
WO10938,MA1AB100000000938,EV Prime,2026-04-08,143,149,Planned,Medium,Plant-B,SUPV022
WO10939,MA1AB100000000939,SUV Pro,2026-04-09,124,127,In Progress,High,Plant-A,SUPV015
WO10940,MA1AB100000000940,Sedan X,2026-04-10,200,205,Planned,High,Plant-A,SUPV007
WO10941,MA1AB100000000941,Sedan X,2026-04-11,154,148,Completed,Low,Plant-B,SUPV013
WO10942,MA1AB100000000942,SUV Pro,2026-04-12,82,83,Completed,Low,Plant-C,SUPV023
WO10943,MA1AB100000000943,SUV Pro,2026-04-13,85,95,Planned,Low,Plant-A,SUPV002
WO10944,MA1AB100000000944,SUV Pro,2026-04-14,68,54,Completed,High,Plant-A,SUPV022
WO10945,MA1AB100000000945,Hatch Z,2026-04-15,55,59,Planned,High,Plant-C,SUPV005
WO10946,MA1AB100000000946,Sedan X,2026-04-16,150,146,In Progress,Low,Plant-A,SUPV003
WO10947,MA1AB100000000947,EV Prime,2026-04-17,200,206,Planned,Low,Plant-B,SUPV017
WO10948,MA1AB100000000948,Hatch Z,2026-04-18,124,115,Completed,Medium,Plant-A,SUPV008
WO10949,MA1AB100000000949,EV Prime,2026-04-19,75,70,Delayed,Low,Plant-C,SUPV022
WO10950,MA1AB100000000950,Sedan X,2026-04-20,162,148,Delayed,Low,Plant-C,SUPV023
WO10951,MA1AB100000000951,Sedan X,2026-04-21,86,77,In Progress,Medium,Plant-B,SUPV024
WO10952,MA1AB100000000952,Hatch Z,2026-04-22,94,100,Delayed,High,Plant-A,SUPV020
WO10953,MA1AB100000000953,EV Prime,2026-04-23,187,191,Completed,Medium,Plant-B,SUPV013
WO10954,MA1AB100000000954,SUV Pro,2026-04-24,56,56,Completed,High,Plant-B,SUPV005
WO10955,MA1AB100000000955,Hatch Z,2026-04-25,194,181,In Progress,Low,Plant-B,SUPV002
WO10956,MA1AB100000000956,Sedan X,2026-04-26,157,160,Completed,High,Plant-B,SUPV017
WO10957,MA1AB100000000957,Hatch Z,2026-04-27,116,107,Planned,High,Plant-B,SUPV009
WO10958,MA1AB100000000958,EV Prime,2026-04-28,163,162,Completed,High,Plant-A,SUPV011
WO10959,MA1AB100000000959,SUV Pro,2026-04-29,148,142,Completed,Low,Plant-B,SUPV002
WO10960,MA1AB100000000960,Hatch Z,2026-04-30,141,139,Planned,Medium,Plant-B,SUPV014
WO10961,MA1AB100000000961,EV Prime,2026-05-01,180,182,In Progress,Low,Plant-B,SUPV025
WO10962,MA1AB100000000962,Sedan X,2026-05-02,167,162,Planned,Medium,Plant-B,SUPV017
WO10963,MA1AB100000000963,Hatch Z,2026-05-03,181,187,Planned,Low,Plant-B,SUPV021
WO10964,MA1AB100000000964,Sedan X,2026-05-04,77,86,Delayed,Medium,Plant-C,SUPV022
WO10965,MA1AB100000000965,Sedan X,2026-05-05,199,197,Planned,High,Plant-A,SUPV011
WO10966,MA1AB100000000966,SUV Pro,2026-05-06,87,87,Delayed,Low,Plant-B,SUPV019
WO10967,MA1AB100000000967,EV Prime,2026-05-07,199,205,Delayed,Medium,Plant-B,SUPV005
WO10968,MA1AB100000000968,SUV Pro,2026-05-08,54,60,Completed,Low,Plant-B,SUPV024
WO10969,MA1AB100000000969,EV Prime,2026-05-09,157,166,Planned,Low,Plant-A,SUPV006
WO10970,MA1AB100000000970,SUV Pro,2026-05-10,55,48,Completed,Medium,Plant-B,SUPV021
WO10971,MA1AB100000000971,Hatch Z,2026-05-11,62,67,Delayed,Medium,Plant-B,SUPV022
WO10972,MA1AB100000000972,Sedan X,2026-05-12,175,185,Completed,Low,Plant-A,SUPV020
WO10973,MA1AB100000000973,EV Prime,2026-05-13,141,150,Delayed,Low,Plant-B,SUPV025
WO10974,MA1AB100000000974,EV Prime,2026-05-14,60,64,In Progress,Low,Plant-C,SUPV003
WO10975,MA1AB100000000975,Sedan X,2026-05-15,159,162,In Progress,Low,Plant-C,SUPV016
WO10976,MA1AB100000000976,SUV Pro,2026-05-16,88,80,Delayed,High,Plant-C,SUPV021
WO10977,MA1AB100000000977,SUV Pro,2026-05-17,63,54,Planned,High,Plant-A,SUPV020
WO10978,MA1AB100000000978,Hatch Z,2026-05-18,172,178,Planned,Medium,Plant-B,SUPV020
WO10979,MA1AB100000000979,Hatch Z,2026-05-19,110,114,Completed,Medium,Plant-A,SUPV009
WO10980,MA1AB100000000980,SUV Pro,2026-05-20,150,142,In Progress,High,Plant-A,SUPV020
WO10981,MA1AB100000000981,SUV Pro,2026-05-21,140,129,In Progress,Low,Plant-B,SUPV016
WO10982,MA1AB100000000982,Hatch Z,2026-05-22,121,130,Delayed,Medium,Plant-C,SUPV005
WO10983,MA1AB100000000983,EV Prime,2026-05-23,186,193,Delayed,Low,Plant-C,SUPV024
WO10984,MA1AB100000000984,Hatch Z,2026-05-24,54,44,Planned,High,Plant-B,SUPV023
WO10985,MA1AB100000000985,EV Prime,2026-05-25,120,109,Planned,Medium,Plant-A,SUPV011
WO10986,MA1AB100000000986,Sedan X,2026-05-26,91,98,In Progress,High,Plant-B,SUPV011
WO10987,MA1AB100000000987,Sedan X,2026-05-27,185,174,Delayed,Low,Plant-A,SUPV021
WO10988,MA1AB100000000988,SUV Pro,2026-05-28,127,131,Completed,Low,Plant-C,SUPV025
WO10989,MA1AB100000000989,SUV Pro,2026-05-29,102,95,Delayed,Low,Plant-A,SUPV008
WO10990,MA1AB100000000990,SUV Pro,2026-03-01,161,171,In Progress,High,Plant-C,SUPV006
WO10991,MA1AB100000000991,Sedan X,2026-03-02,187,179,Completed,Low,Plant-A,SUPV024
WO10992,MA1AB100000000992,SUV Pro,2026-03-03,137,125,Delayed,Low,Plant-B,SUPV017
WO10993,MA1AB100000000993,Hatch Z,2026-03-04,99,87,In Progress,High,Plant-A,SUPV012
WO10994,MA1AB100000000994,EV Prime,2026-03-05,115,102,Planned,High,Plant-C,SUPV019
WO10995,MA1AB100000000995,EV Prime,2026-03-06,87,91,Delayed,Medium,Plant-B,SUPV013
WO10996,MA1AB100000000996,SUV Pro,2026-03-07,194,202,Delayed,Medium,Plant-A,SUPV017
WO10997,MA1AB100000000997,SUV Pro,2026-03-08,91,79,Planned,Low,Plant-A,SUPV020
WO10998,MA1AB100000000998,Sedan X,2026-03-09,111,117,Delayed,High,Plant-A,SUPV007
WO10999,MA1AB100000000999,EV Prime,2026-03-10,91,92,Completed,High,Plant-C,SUPV008
